As_pred,As_real,Lon,Lan
0.20930588,0.392042088,127.4915833,37.80086111
1.17804947,1.241268589,128.8465833,37.28116667
0.428810917,0.246860078,129.1664167,37.11816667
0.547367056,0.31481074,128.2739167,37.38430556
0.645893668,0.463734016,128.7975833,37.12608333
1.616232395,0.518793793,127.7230556,37.43430556
1.339100332,0.3074847,127.4998333,37.73480556
1.484593495,0.3074847,128.7925556,37.37411111
0.428059743,0.593326845,128.8711389,37.39255556
0.526224425,0.343589704,128.8650278,37.40708333
0.294640812,0.223143551,127.7585278,37.51447222
0.478127486,0.565313809,128.2733333,37.37797222
0.405329326,0.223143551,127.7891111,37.52755556
0.631200603,0.451075619,126.896,37.18425
2.333542212,2.6651427,127.7667222,37.42141667
1.551509847,1.981001469,128.0949722,37.28205556
0.681206195,0.392042088,126.8938889,37.18305556
2.110222527,2.292534757,129.1113056,37.10536111
0.418494359,0.457424847,127.7651944,37.41116667
0.67727334,0.494696242,128.8635278,37.28330556
0.605946259,0.78845736,127.4878611,37.79886111
1.062262192,1.085189268,127.3995,37.79830556
0.405284687,0.223143551,127.7620278,37.51244444
0.416925368,0.223143551,128.7779167,37.37308333
0.676284976,0.858661619,127.4973056,37.80183333
0.256111499,0.438254931,128.8697222,37.3965
0.773202576,0.924258902,127.4022778,37.78288889
1.361415069,1.556037136,128.8430833,37.28516667
2.236231621,2.603430152,127.3155556,37.15905556
0.125016729,0.3074847,126.8923611,37.18263889
0.405964561,0.223143551,127.7735,37.42491667
2.543904867,2.733067964,128.8104444,37.13097222
0.397818472,0.21511138,128.8613056,37.42530556
0.790471609,0.963174318,129.1557222,37.11155556
0.307381932,0.932164081,126.8886667,37.18083333
0.536827254,0.565313809,127.7574722,37.51816667
0.634455743,0.207014169,127.4881389,37.80019444
0.119495998,1.581038438,127.4914444,37.74030556
1.676241542,1.975468951,128.8103333,37.12936111
0.788211098,0.746687947,127.4848056,37.79730556
0.757393084,0.940007258,128.7996667,37.12666667
0.804526083,1.327075001,127.40125,37.80230556
0.564567801,0.2390169,127.4788056,37.42102778
0.639603079,0.457424847,127.7878889,37.53127778
1.035958993,0.90016135,127.4951389,37.73725
1.597981525,0.797507196,127.4850278,37.79708333
0.702991846,0.631271777,129.1591389,37.11730556
0.761491882,0.431782416,127.7242778,37.44325
2.178196004,2.360854001,128.8058056,37.12488889
0.740491368,0.683096845,127.7802222,37.51180556
0.828432695,0.378436436,127.4041111,37.78591667
0.65469962,0.21511138,128.8561389,37.28072222
0.425055718,0.500775288,127.7609722,37.51236111
0.211837303,0.029558802,128.8732222,37.39522222
1.162020773,0.97455964,129.1235,37.10138889
1.363635485,1.667706821,128.7981944,37.37338889
0.286759411,0.104360015,127.7661667,37.51152778
0.259783979,0.076961041,127.7668611,37.51102778
0.958349863,1.208960346,127.7263889,37.43341667
0.672103277,0.223143551,126.8955,37.18361111
1.6274308,1.214912744,128.8596944,37.46927778
0.675793453,0.548121409,128.8742222,37.39741667
0.782124165,0.672944473,128.0805556,37.82788889
0.532979572,0.350656872,127.4815278,37.42163889
1.028569504,0.524728529,128.8464167,37.28316667
0.971775808,1.300191662,128.0845833,37.82372222
0.31224133,0.494696242,127.4789444,37.41863889
0.679630381,0.530628251,128.0840833,37.82419444
0.495601993,0.207014169,126.8931667,37.182
1.004858981,0.828551818,128.0832222,37.27027778
1.324169873,0.891998039,129.1541667,37.11119444
1.281748196,1.731655545,127.3025,37.17013889
1.305103792,0.378436436,129.1518889,37.10755556
0.567486967,0.500775288,128.87425,37.39725
0.482465906,0.300104592,127.396,37.76691667
0.428969976,0.246860078,127.7810556,37.51197222
0.981817553,0.223143551,127.7583889,37.51419444
0.588804853,0.615185639,128.2730833,37.38075
0.365929404,0.104360015,127.7810278,37.42663889
0.61397057,0.524728529,128.2755556,37.365
0.989893822,1.172482137,127.4897778,37.79927778
0.136086729,0.21511138,127.3937222,37.76252778
1.002045666,0.963174318,128.8526667,37.46827778
1.255213063,1.437462648,128.0892222,37.27961111
1.446731908,1.266947603,128.8556389,37.46752778
0.561163682,0.378436436,128.79725,37.12558333
0.699037452,1.17557333,128.0969167,37.80125
1.143331436,1.202972304,128.8526667,37.46827778
1.041617448,1.439835128,128.8501389,37.46913889
1.051404574,0.947789399,128.2731389,37.37722222
1.161279319,1.342864803,129.1320556,37.10427778
0.853020086,1.488399584,128.0891389,37.27913889
0.932889694,0.841567186,127.4026667,37.78808333
0.650491276,0.494696242,128.8638611,37.28097222
0.543136658,0.810930216,127.7560278,37.51822222
1.552763068,1.735189118,128.2735556,37.37766667
1.221349662,1.137833002,128.8536944,37.46783333
1.09155293,0.131028262,128.8609167,37.46669444
1.394510917,1.211940974,127.4761389,37.41775
0.35150798,0.631271777,127.4912778,37.79886111
0.922464438,1.2753628,128.7877778,37.37430556
1.448215155,1.302912752,128.8550833,37.28205556
0.76147029,0.943905899,127.47875,37.41680556
0.675105829,1.01884732,127.489,37.79925
0.757232061,0.854415328,126.8820278,37.18627778
1.284103777,1.235471471,127.7798056,37.53694444
0.628162132,0.810930216,126.8769722,37.18097222
2.149284599,2.089391873,127.7659444,37.42452778
0.725942231,0.90825856,127.5003611,37.73508333
0.765397339,0.947789399,127.3987222,37.79616667
1.371436223,1.30833282,128.819,37.12594444
0.485987868,0.385262401,127.4850556,37.79880556
1.996387249,2.00148,127.2894722,37.16227778
0.413593439,0.231111721,127.5046111,37.73477778
0.313245049,0.385262401,127.793,37.52327778
1.512146199,0.722705983,128.7945556,37.12388889
0.540346948,0.722705983,128.7929167,37.12322222
0.885139028,0.802001585,127.7813889,37.42736111
0.945066207,0.2390169,127.7263889,37.43341667
1.432891333,0.559615788,127.7738611,37.425
1.132644348,1.057790294,127.3956944,37.79283333
0.587549649,0.405465108,128.8643056,37.28330556
0.040685674,0.223143551,127.4835556,37.79786111
2.361521622,2.543961413,127.7692222,37.42622222
0.448746177,0.631271777,127.4768333,37.41897222
0.692223538,0.231111721,128.8560556,37.46752778
0.761606315,0.322083499,128.8673333,37.40652778
0.439636481,0.322083499,128.8565556,37.46775
0.828824746,1.011600912,128.7981944,37.12652778
0.756914211,1.238374231,127.3964444,37.79744444
0.795035287,0.615185639,128.8628889,37.28102778
0.712738781,0.31481074,127.7891944,37.53083333
0.381216611,0.198850859,127.4919444,37.73977778
2.465028628,2.183801557,128.8109722,37.13119444
0.485690674,0.667829373,126.8864722,37.18175
0.219230882,0.292669614,127.7398611,37.43327778
0.662067934,1.011600912,128.7851389,37.37280556
0.30658803,0.31481074,128.2729167,37.37802778
1.253257125,1.355835154,128.0939444,37.28194444
0.586117377,0.31481074,127.3961389,37.79086111
0.561044947,0.378436436,127.3983611,37.79572222
0.476573705,0.157003749,127.7668056,37.51155556
0.476715555,0.3074847,129.1588611,37.13138889
0.467871651,0.285178942,128.8700278,37.38755556
1.137402243,0.576613364,127.4793889,37.41588889
0.656013564,0.476234179,127.7675278,37.51122222
1.607209933,0.3074847,127.7236667,37.43527778
0.671974277,0.806475866,127.7804444,37.42572222
0.444107039,0.854415328,128.0752222,37.82427778
0.647722299,0.604315967,127.4829444,37.42372222
0.487668608,0.223143551,127.5123889,37.81344444
0.752999495,0.570979547,127.7289167,37.43302778
0.326533468,0.500775288,126.8954722,37.18627778
0.334493928,0.2390169,127.4838056,37.42377778
0.499962034,0.364643114,127.7626111,37.51177778
0.49726906,0.31481074,128.7880556,37.37336111
1.410340418,0.207014169,128.8456944,37.28333333
1.895332378,2.07819076,128.0920556,37.28025
0.819461286,0.963174318,128.8109444,37.12925
1.094557839,0.91228271,129.1508611,37.10769444
0.663143527,0.254642218,127.5074722,37.71191667
0.531162447,0.451075619,127.4873611,37.43013889
0.774660595,0.31481074,127.4982222,37.80327778
0.467507164,0.285178942,127.4929722,37.739
0.808075777,0.548121409,127.4851944,37.42697222
1.040987675,0.858661619,128.7928889,37.37355556
0.35434916,0.2390169,127.7808889,37.42597222
1.232690243,1.01523068,128.2760556,37.37688889
1.068443989,0.270027137,128.8576389,37.467
0.230750864,0.131028262,127.4906944,37.74222222
0.741656056,0.924258902,128.8697222,37.40541667
1.340618462,1.181727195,127.4933056,37.73841667
0.884122496,0.048790164,128.8704722,37.40469444
0.536284905,0.652325186,128.2730556,37.38047222
0.880749135,0.3074847,127.3973611,37.79383333
1.175505856,1.637053079,127.4785278,37.41702778
0.624212715,0.806475866,127.3996111,37.79602778
0.547397398,0.364643114,128.8771667,37.397
0.353435785,0.385262401,128.27425,37.37366667
0.58945303,0.524728529,128.2731944,37.38469444
0.723227087,0.246860078,127.484,37.42536111
0.306800794,0.378436436,127.7567222,37.51761111
1.58842203,1.472472057,127.3752222,37.79727778
1.277526652,0.810930216,128.8109444,37.13008333
1.654036708,1.740466175,127.3018889,37.17241667
0.721479132,0.904218151,128.2739444,37.38211111
0.429358513,0.246860078,129.1508611,37.10769444
0.98024278,0.512823626,127.4929444,37.78494444
0.146734887,0.329303747,127.4775,37.419
1.298159612,1.908059925,128.0853889,37.82347222
0.511205122,0.854415328,126.8899722,37.18352778
0.461524128,0.21511138,127.7612222,37.53675
0.469586531,0.438254931,127.4795,37.41522222
1.027769176,0.518793793,127.4823333,37.42286111
0.801060548,0.615185639,128.0791667,37.82913889
1.339154927,1.156881197,128.0982778,37.28083333
0.536324226,0.431782416,127.7231389,37.43883333
0.993494477,0.810930216,127.4968056,37.80205556
0.322330241,0.139761942,126.8948611,37.18327778
0.591389479,0.703097511,126.8897778,37.18202778
0.885965038,0.943905899,127.7813889,37.42736111
1.032575113,1.214912744,128.275,37.36902778
1.183743098,1.187843422,127.7201111,37.42933333
1.1133269,0.966983846,127.401,37.79963889
0.560805128,0.378436436,129.15675,37.11433333
1.472141182,1.247032294,127.76575,37.42411111
0.203025354,0.385262401,128.2741944,37.37230556
1.022956242,0.58221562,128.8456944,37.28333333
1.429168435,0.58221562,127.7891111,37.52755556
1.466483307,1.564440547,127.7797222,37.42547222
0.346530839,0.765467842,127.7895556,37.52702778
1.402127144,0.951657876,128.8596944,37.28036111
0.680274786,0.862889955,126.8948889,37.18513889
1.349469877,0.431782416,128.0618889,37.80213889
1.103584041,0.262364264,127.4801111,37.41452778
1.346478666,1.214912744,128.0837778,37.82497222
0.606902119,0.810930216,128.8579444,37.46741667
1.267189507,0.810930216,128.8491111,37.28086111
1.233095635,1.211940974,129.1554722,37.11147222
0.42683577,0.21511138,127.4867778,37.79897222
0.881365427,1.324418957,129.14075,37.10311111
1.310977847,0.300104592,129.13025,37.10463889
1.856378943,0.451075619,127.7585278,37.51608333
0.922144634,0.518793793,128.8637778,37.27936111
0.747607399,0.565313809,128.2731944,37.38469444
0.790354179,0.904218151,129.1320556,37.10427778
1.836968084,2.318458442,127.7695833,37.42563889
0.501419362,0.385262401,127.7724722,37.42508333
0.671962596,0.854415328,128.0846944,37.82375
1.554163618,1.229640551,127.30525,37.17477778
0.368604213,0.678033543,127.4850556,37.79736111
0.71800157,0.90016135,127.4789444,37.41894444
0.193012574,0.3074847,129.1550833,37.11122222
1.356414125,0.553885113,128.0958056,37.28194444
1.053638935,0.392042088,127.723,37.43394444
0.740149233,0.90016135,126.8844444,37.18308333
1.221489222,0.947789399,127.7793889,37.42547222
1.59701572,0.615185639,127.7672778,37.51072222
1.088586976,0.947789399,129.1514722,37.10847222
2.528960252,2.508785924,128.8103889,37.13111111
1.179434598,0.996948635,127.3045833,37.17505556
0.336514283,0.518793793,127.78925,37.52619444
1.408017629,1.294727168,128.0791667,37.82913889
1.29156039,0.871293366,128.8041111,37.12547222
0.86768981,0.858661619,128.8589722,37.46836111
0.700097186,0.641853886,128.8732222,37.39688889
2.26695195,1.376244025,128.8057222,37.12619444
0.471112104,0.463734016,127.2969444,37.16916667
0.578219555,0.760805829,127.7955278,37.52247222
0.489612595,0.3074847,127.4901667,37.79908333
1.274082118,0.792992516,127.7812778,37.51172222
0.467577286,0.122217633,127.4908056,37.79877778
1.426636167,1.244154594,127.3138611,37.17263889
1.696579477,1.391281903,127.76975,37.42586111
1.132985513,0.904218151,128.8113056,37.12930556
1.517028098,0.457424847,127.7884722,37.52919444
1.230336655,0.678033543,127.7793889,37.42547222
0.720557559,0.810930216,127.4858333,37.42891667
1.338010522,1.294727168,128.1160556,37.28077778
1.499072097,1.667706821,128.77725,37.37286111
0.416876027,0.932164081,127.5071111,37.81172222
0.449357943,0.223143551,127.4017222,37.80122222
1.640981928,1.386294361,127.4896389,37.79708333
1.454301346,1.150572028,127.7684722,37.51105556
0.640079318,0.802001585,126.8842778,37.18411111
0.86249612,0.31481074,128.8622778,37.27869444
0.937776467,1.10856262,127.3986944,37.7985
1.268435522,1.302912752,127.4970278,37.73622222
0.38003567,0.463734016,128.8638611,37.28097222
0.876777578,0.815364813,127.4947778,37.80125
0.765397339,0.223143551,127.3987222,37.79616667
0.443377541,0.625938431,129.1524722,37.10941667
0.332909894,0.2390169,127.7342222,37.43169444
0.646227399,0.463734016,127.4929722,37.79897222
1.275317991,0.3074847,127.7311667,37.43447222
0.371751558,0.553885113,128.8584444,37.43027778
0.999160483,0.751416089,127.4907778,37.74194444
2.343588576,2.750470917,127.7664722,37.42208333
1.394333651,1.211940974,128.2603056,37.36952778
0.628751123,0.810930216,127.5043889,37.73391667
2.166057712,2.010894999,127.7671389,37.42602778
0.580178105,0.300104592,126.8971667,37.18394444
0.985254992,0.451075619,128.8635278,37.28330556
0.643853352,0.985816795,127.3049167,37.17708333
0.780806662,0.802001585,127.3978056,37.79813889
1.240361629,0.277631737,128.8601667,37.46694444
0.769058298,0.951657876,127.4956944,37.80144444
1.511678927,0.620576488,127.5042778,37.7345
1.155424755,0.559615788,128.7928333,37.37488889
1.134867148,0.970778917,128.8515278,37.46836111
1.049695878,1.057790294,127.4808611,37.42022222
0.933925382,0.751416089,127.4911111,37.74130556
1.883054868,0.652325186,128.2730556,37.38047222
0.797750865,0.598836501,127.4873611,37.43013889
0.206282487,0.223143551,126.8961389,37.18447222
1.139703987,0.3074847,128.2751111,37.36833333
1.303200136,0.75612198,127.4015833,37.79988889
1.116888664,1.300191662,128.85075,37.46786111
1.055827254,1.217875709,128.8543889,37.46769444
0.55786896,0.438254931,127.4908611,37.74294444
1.426906755,1.244154594,128.2758056,37.36747222
0.993967353,0.173953307,127.4906389,37.74088889
1.163006776,0.858661619,129.1554722,37.11147222
0.53106957,0.792992516,127.3937222,37.76252778
1.055499785,1.2753628,128.27325,37.37594444
0.432944513,0.300104592,127.4848611,37.79913889
1.794379472,1.667706821,128.7732222,37.37266667
0.98894742,0.806475866,128.8731667,37.39483333
0.952146503,1.118414916,128.0901111,37.28002778
0.699766471,0.875468737,127.3972778,37.79755556
1.400498767,0.3074847,128.8008056,37.12597222
0.268680297,0.086177696,127.4897778,37.79927778
0.764545604,1.699278616,127.50525,37.73463889
0.482606721,0.300104592,126.8943333,37.18344444
0.744428124,1.01523068,128.8628611,37.28041667
1.056790045,1.305626458,128.7904167,37.37427778
0.933052757,0.904218151,128.8549722,37.28216667
0.725837195,0.90825856,128.2742222,37.36986111
1.465880941,0.896088025,127.4975,37.73597222
0.746607599,0.19062036,128.8586389,37.46788889
1.072703195,0.810930216,127.3066111,37.17777778
0.532905879,0.246860078,126.8906944,37.18194444
0.642051149,0.500775288,126.8748611,37.18047222
1.178574509,1.033184483,128.0848056,37.25452778
0.479678371,0.457424847,127.7821667,37.42827778
0.916929701,0.500775288,128.8574444,37.28016667
0.442809247,0.985816795,127.3955278,37.79225
0.64623631,0.828551818,127.4902778,37.74288889
1.452414957,1.269760545,128.0786944,37.829
0.775866909,0.593326845,127.3978056,37.79813889
0.405771758,0.223143551,127.7238056,37.43822222
1.086821809,0.904218151,128.1003611,37.79855556
1.434337782,1.244154594,127.7651944,37.41116667
1.571532228,1.754403683,128.0933056,37.28222222
1.029535282,1.211940974,128.2742222,37.36986111
1.165396525,0.392042088,127.7419722,37.43163889
1.279366536,1.940179474,128.0866944,37.82308333
0.390677814,0.553885113,127.4800833,37.41955556
0.829130161,0.405465108,127.4921111,37.74052778
1.319499657,0.223143551,128.2732222,37.37652778
1.227160657,0.392042088,128.0788889,37.82927778
0.692725619,0.722705983,128.7962778,37.12538889
0.791752705,0.609765572,128.8636389,37.28261111
0.742393902,0.559615788,128.2743889,37.38283333
1.480232725,1.297463147,128.8731667,37.39483333
1.018708621,0.300104592,128.7878056,37.37408333
0.535425253,0.717839793,127.4908889,37.74341667
1.26184062,1.444563269,126.8966111,37.18513889
0.574670067,0.392042088,127.7896111,37.52527778
1.610679673,1.95586048,128.0951111,37.28155556
0.399387942,0.58221562,127.4017222,37.80122222
0.680853895,0.815364813,128.8083889,37.12816667
1.711937288,0.854415328,128.8501389,37.46983333
1.042823918,1.300191662,128.2768889,37.35772222
1.027596828,0.932164081,128.0953056,37.28197222
0.495749514,0.678033543,127.4014167,37.7995
1.360212109,1.131402111,127.7668056,37.51088889
0.421900089,0.604315967,127.4857778,37.79813889
1.21202741,1.011600912,128.0831667,37.82483333
0.721873924,0.904218151,127.4932222,37.80030556
1.060303646,0.231111721,127.5035278,37.73483333
0.567854443,0.385262401,128.8765556,37.39702778
0.614975759,0.451075619,127.79,37.52477778
1.512315388,1.217875709,128.2730833,37.37916667
0.489973195,0.3074847,128.2736667,37.38486111
0.538663142,1.208960346,127.4784444,37.41805556
1.469923259,1.95586048,128.0946667,37.28172222
1.642194212,0.559615788,128.0796944,37.82855556
1.02923067,1.211940974,128.8546111,37.28277778
1.550266337,0.3074847,128.0961944,37.28141667
1.086577215,1.043804052,127.7748611,37.42527778
1.514939634,1.570697084,127.4017222,37.80188889
1.345473493,1.406096988,128.0855278,37.24858333
0.796271748,0.3074847,128.8600278,37.47066667
0.606806225,0.947789399,127.4801944,37.42113889
0.38925374,0.207014169,126.8716111,37.17444444
1.76625883,0.708035793,127.7240278,37.43666667
0.62690439,0.444685821,128.7838889,37.37291667
0.497077023,0.31481074,128.86375,37.28169444
1.0901115,1.272565596,129.15675,37.11433333
2.3194209,2.616665639,128.8103333,37.12936111
0.718859535,1.558144618,126.8963611,37.18488889
0.536345894,0.329303747,127.4910833,37.74327778
0.723279033,0.31481074,128.8109444,37.13008333
1.721441642,2.973997781,127.77975,37.42544444
1.721252452,2.238579763,127.7689722,37.51111111
0.703202458,0.451075619,127.7228611,37.43894444
1.009455174,0.371563556,127.7228611,37.43894444
1.767066233,1.722766598,127.7234722,37.43536111
0.74580682,0.631271777,127.4823611,37.42336111
1.361403244,2.58021683,128.7558611,37.36958333
0.68295789,0.570979547,127.7817222,37.42847222
0.56791561,0.385262401,128.8596111,37.28055556
0.656824283,1.17557333,128.8750833,37.39713889
0.45677671,1.01523068,126.8934444,37.18325
0.559671143,0.741937345,127.4803333,37.41422222
0.654889444,0.837247525,128.8645278,37.28152778
1.903966659,2.87525812,128.8601944,37.47066667
1.672342776,0.951657876,127.3014722,37.17286111
0.534271605,0.438254931,129.1575833,37.11497222
0.456492871,0.476234179,127.7668056,37.51155556
0.315592871,0.292669614,128.8692222,37.40586111
1.363553101,0.385262401,128.0958056,37.28194444
0.640011156,0.457424847,128.8628611,37.28041667
0.567851663,0.385262401,126.8880556,37.18155556
0.987652615,0.652325186,128.2733889,37.38052778
0.8400145,1.022450928,128.0798056,37.82791667
1.565286891,0.867100488,129.1069444,37.11422222
1.705623353,0.31481074,128.7838889,37.37291667
1.021427053,0.548121409,127.5007222,37.74
1.015266965,0.378436436,127.4810278,37.41377778
1.687569516,1.870262531,128.8121111,37.13044444
0.648942435,1.134622726,127.7949722,37.53147222
1.766391305,1.735189118,127.7484444,37.53386111
0.275667116,0.2390169,127.7886111,37.52833333
1.082742736,0.90016135,129.1505,37.10705556
1.531323684,1.713797928,128.0943611,37.28186111
1.276060516,0.392042088,127.7537778,37.41852778
1.363188356,1.043804052,127.7723611,37.42516667
0.664766142,0.438254931,127.5193056,37.81447222
1.888961204,2.719319793,127.7695278,37.42544444
1.196092532,0.615185639,127.4975556,37.73594444
1.262651267,1.444563269,127.7565556,37.52463889
0.523394789,0.518793793,128.7930556,37.37344444
1.574649647,1.605429891,128.8759444,37.46802778
0.709778401,0.378436436,127.5051389,37.43425
0.296174817,0.113328685,128.2741944,37.37088889
0.614265948,0.431782416,128.8764444,37.39794444
1.369175166,1.5518088,127.7723889,37.42502778
0.228440558,0.31481074,128.8635833,37.28119444
1.046872189,1.241268589,129.1595278,37.11797222
0.865241601,0.683096845,127.4946111,37.73758333
0.048371491,0.231111721,128.8016111,37.37666667
1.494788876,1.264126727,128.8703611,37.40297222
0.397686957,0.21511138,127.7236111,37.43405556
0.283740439,0.300104592,127.49075,37.74252778
0.426340019,0.667829373,128.8729444,37.39561111
0.490193524,0.3074847,128.8703611,37.39255556
0.6192525,0.802001585,126.8908889,37.18236111
0.422735723,0.500775288,126.8911944,37.18247222
0.970545704,0.802001585,128.0995833,37.79836111
1.015604246,0.858661619,128.2731111,37.37925
0.354786083,0.076961041,127.782,37.42805556
0.574659626,0.392042088,127.4029167,37.78758333
1.345995487,0.90825856,127.7273056,37.43311111
0.781723353,0.598836501,127.4971667,37.73688889
0.77363095,0.231111721,128.8556389,37.46752778
0.652728562,1.244154594,127.2983333,37.17138889
1.491659744,0.444685821,127.3245278,37.17233333
1.789283398,0.207014169,128.8075278,37.12675
0.224314047,0.198850859,127.7676944,37.51822222
0.504175214,0.741937345,128.8565556,37.46775
0.742168151,0.559615788,127.7583056,37.51461111
0.46346466,0.559615788,128.8078889,37.12677778
1.507572234,1.690095815,129.114,37.11480556
0.941289335,1.16938136,127.3992222,37.78894444
0.698022861,0.932164081,126.8805278,37.18625
1.279216744,0.810930216,128.7810556,37.11447222
0.949982402,0.625938431,127.4945556,37.80125
0.568047952,0.385262401,128.0983056,37.79752778
1.30503413,0.904218151,128.7933611,37.37355556
1.221685746,0.58221562,128.8455833,37.28302778
1.041544248,1.08180517,128.8271667,37.48102778
0.377325147,0.559615788,128.7969444,37.12591667
1.241660213,0.231111721,129.1545278,37.11141667
1.617930223,1.740466175,129.1470833,37.10375
0.852408408,0.548121409,128.8641389,37.28344444
0.802929873,0.779324877,128.8099167,37.13869444
1.032204501,1.214912744,128.8346111,37.47886111
0.283968686,0.329303747,127.723,37.43394444
1.014350297,1.286474026,128.8382778,37.47602778
1.130277082,0.947789399,127.7247222,37.43388889
0.610703365,0.553885113,127.7580278,37.51522222
0.568499938,0.3074847,127.3966389,37.76438889
0.754536427,0.451075619,127.30275,37.16761111
1.217241209,0.854415328,128.7992778,37.373
1.023486875,0.854415328,126.8958889,37.18394444
0.628928979,0.727548607,128.0829444,37.82608333
0.596376326,0.494696242,127.4018889,37.80055556
0.673063684,0.810930216,128.2742778,37.38413889
0.896302349,1.047318994,128.819,37.12594444
0.199867778,0.131028262,127.7640833,37.51241667
0.172821769,0.300104592,126.8926944,37.18297222
0.438487176,0.620576488,127.4986944,37.73794444
1.166105357,1.187843422,128.8534167,37.28116667
1.406945978,1.105256831,127.2985833,37.17105556
0.672011838,0.854415328,126.8906944,37.18219444
0.534619609,0.609765572,127.4940833,37.80080556
0.711851618,0.810930216,127.7224444,37.43913889
0.511617031,0.329303747,127.4766389,37.42016667
1.908525068,0.3074847,128.7930556,37.37455556
0.96568084,0.500775288,128.0794167,37.82880556
0.727645048,0.246860078,126.8950278,37.18616667
0.534191055,0.39877612,127.4784444,37.41805556
1.404629568,0.989541194,128.2732778,37.37672222
0.614749992,0.3074847,128.7914444,37.375
1.137170049,0.364643114,127.3999444,37.79655556
0.801956708,0.565313809,128.0841667,37.82427778
0.48968757,0.3074847,128.7896389,37.37375
0.68297041,0.500775288,128.8739167,37.39655556
0.630016743,0.223143551,127.3970833,37.79402778
1.1260426,0.943905899,128.8113056,37.12930556
0.753544597,0.570979547,127.4850833,37.42705556
0.704612724,0.858661619,128.8744167,37.39463889
2.477131794,1.439835128,128.8034444,37.12544444
0.649807415,0.488580015,128.8083056,37.12786111
1.17209991,0.858661619,128.2737222,37.37594444
1.243781972,0.576613364,128.863,37.27963889
2.033823958,1.85159947,129.1508611,37.10875
1.053941551,0.871293366,128.7740833,37.11319444
0.780111548,0.058268908,127.7849722,37.53430556
0.617674666,0.451075619,128.7907222,37.37461111
0.972491598,0.457424847,127.7238056,37.43822222
1.345977414,0.615185639,127.4944444,37.73686111
1.186027431,0.457424847,128.8065,37.12602778
0.936624932,0.329303747,128.8729444,37.39561111
0.622198304,0.470003629,128.8629444,37.28169444
0.555741083,0.641853886,127.5002778,37.73480556
1.250387627,0.553885113,128.7874722,37.37327778
1.573583377,1.667706821,128.7793611,37.37352778
1.288928801,0.300104592,127.3133611,37.15494444
0.574225777,0.392042088,128.8109444,37.12927778
1.01013409,0.512823626,128.8637778,37.27936111
0.405320583,0.300104592,127.7585278,37.51369444
0.6693683,0.392042088,127.4872778,37.4285
0.518466657,0.009950331,128.8588611,37.46755556
0.717668882,0.90016135,127.3021944,37.16797222
0.990339191,1.172482137,127.7689722,37.51111111
0.675304445,0.810930216,126.8918056,37.18297222
1.544200184,2.602689685,129.1384167,37.10244444
0.784899547,0.277631737,128.8636111,37.28338889
0.742801293,0.58221562,127.4913333,37.74072222
0.37628263,0.350656872,127.4836944,37.42461111
0.567300127,0.58221562,127.4915,37.74077778
0.784198262,0.385262401,126.8755556,37.18066667
0.594766873,0.412109651,127.7905,37.52405556
0.999596333,0.854415328,127.4926944,37.79877778
1.434745869,1.252762968,127.7285278,37.43341667
0.473962961,0.223143551,127.4009167,37.79925
1.345836618,1.16315081,127.7672222,37.4195
0.986898569,1.16938136,128.0829444,37.27169444
1.138950454,0.457424847,128.8609167,37.46669444
0.765447023,0.947789399,129.1132778,37.11477778
1.819258481,1.418277407,128.8121111,37.13044444
1.442824087,1.625311262,129.1445,37.10405556
0.48265197,0.300104592,127.4009167,37.79858333
1.16909628,0.904218151,128.2737222,37.37594444
0.574229608,0.392042088,126.8916944,37.18252778
0.574793068,0.392042088,127.7276389,37.43394444
0.489942138,0.3074847,127.4846111,37.7985
1.008608624,1.95586048,128.7900306,37.12371944
0.467612257,0.285178942,127.4881944,37.80044444
1.041299058,0.858661619,126.8934444,37.18325
0.797153702,1.091923301,127.7256389,37.44277778
0.326696785,0.854415328,127.4863333,37.80008333
1.253995046,1.071583616,129.1294722,37.10605556
0.456607105,0.31481074,127.4888889,37.43038889
0.383108951,0.457424847,128.8629444,37.28169444
0.733315274,0.385262401,128.7863889,37.37255556
1.250903615,1.368639426,127.4947222,37.73727778
0.759166072,0.576613364,127.7876667,37.53161111
0.494696362,0.625938431,127.4878611,37.79886111
0.67190213,0.854415328,126.8913333,37.18275
1.128241527,2.4765384,127.2974167,37.17205556
0.669597367,0.322083499,128.8579444,37.46741667
0.384727425,1.033184483,127.4895556,37.79855556
0.405430653,0.223143551,128.8636111,37.28363889
1.132292586,0.854415328,128.8183889,37.30116667
0.189039994,0.371563556,129.1561389,37.11280556
0.982681787,1.297463147,127.4956667,37.73733333
1.489145171,0.254642218,129.1464722,37.10377778
0.847422244,0.207014169,127.4795,37.41522222
0.754623173,0.223143551,128.8742222,37.39741667
0.637173152,0.806475866,127.4853889,37.79761111
0.397617481,0.21511138,128.0853611,37.82266667
0.568891632,0.751416089,127.4950278,37.43005556
0.823829571,0.343589704,127.4885556,37.42077778
0.385422461,0.131028262,127.7648889,37.51175
1.446417486,1.264126727,127.2895556,37.15105556
1.198662917,0.39877612,128.8771667,37.397
-0.025540308,0.157003749,128.8671389,37.40683333
1.194045018,1.011600912,128.8446389,37.28375
1.835901259,2.61958322,128.0824444,37.82652778
1.505622779,1.460937904,128.0923333,37.27355556
0.268490537,0.451075619,128.8647778,37.28002778
1.029294552,1.211940974,128.2735278,37.37708333
0.38932026,0.207014169,128.0752222,37.82427778
0.587607019,0.985816795,127.4865833,37.42961111
0.833399771,0.548121409,127.4007778,37.79922222
1.628671968,1.613429934,128.0920556,37.28025
1.206010246,0.223143551,128.2738056,37.37472222
0.552741042,1.101940079,127.49075,37.74086111
0.680928878,0.862889955,128.09875,37.79769444
1.17894208,1.278152203,129.1556667,37.11197222
0.43486378,0.500775288,128.8740278,37.39438889
0.525316988,0.385262401,127.4798889,37.41988889
0.244917434,0.182321557,127.7558611,37.51827778
1.269737102,2.557227311,127.4808889,37.41941667
0.878572204,0.457424847,128.2746944,37.38313889
0.819392287,0.636576829,128.2734167,37.38461111
0.397420538,0.21511138,129.1664167,37.11816667
0.819989066,1.220829921,128.8199167,37.46822222
0.331178491,0.148420005,127.5054444,37.73458333
0.382000063,0.300104592,128.7930556,37.37455556
1.02784703,0.845868268,129.1559167,37.11233333
1.315026219,1.497388409,129.1137778,37.11297222
1.125994467,0.3074847,127.5035278,37.73483333
1.455545345,0.947789399,128.8587222,37.27702778
0.262159417,0.444685821,126.8898611,37.18247222
0.516358283,1.302912752,127.4856389,37.79847222
0.830087768,0.385262401,128.7990556,37.12680556
0.482574134,0.300104592,126.8926944,37.18297222
0.446901331,0.512823626,126.8810833,37.18669444
0.639834392,0.457424847,127.7229444,37.43897222
0.583487128,0.076961041,127.7948889,37.52236111
1.556879852,1.912501087,128.0936111,37.28202778
0.571656906,0.451075619,126.8613611,37.20572222
1.5333442,2.377692565,129.1511944,37.10752778
1.26250626,0.530628251,128.8698333,37.39586111
0.572678706,0.683096845,128.0979722,37.79741667
1.279995202,1.105256831,128.0836389,37.27261111
0.488315853,0.3074847,127.4909722,37.74311111
0.520582826,0.703097511,128.8610833,37.46702778
0.801231248,1.244154594,128.0833889,37.82430556
1.167951224,1.30833282,128.0858611,37.27541667
0.692704439,0.875468737,128.8626944,37.2795
0.338165572,0.207014169,126.8865278,37.18163889
0.471928872,0.548121409,127.5007222,37.74
0.765455658,0.947789399,127.7713056,37.42852778
1.420555103,0.854415328,128.8579444,37.46772222
1.138235801,1.178654996,128.7928611,37.37388889
0.431928065,0.405465108,128.8702222,37.39883333
1.187748893,0.385262401,128.8595278,37.46736111
0.560888578,0.378436436,126.8886667,37.18191667
1.606578832,0.223143551,127.7240278,37.43666667
1.242400265,0.904218151,128.275,37.36902778
1.243067292,0.3074847,128.7874167,37.37325
1.136410702,1.095273387,128.8099167,37.13869444
1.472362556,1.098612289,127.3045833,37.17505556
0.760524403,1.266947603,126.8906944,37.18219444
0.990643803,0.385262401,127.4019444,37.80002778
1.726128279,1.971299383,128.8111944,37.12872222
0.890578521,0.708035793,129.1353611,37.10311111
0.674669728,0.494696242,128.8645278,37.28152778
1.401377605,0.3074847,128.8708333,37.40019444
0.898656474,1.302912752,127.7319167,37.43319444
0.968785939,0.21511138,128.2741111,37.38275
1.40166453,0.904218151,129.1545278,37.11141667
0.690546319,0.667829373,127.4938611,37.73797222
1.072509385,0.985816795,128.8007222,37.126
0.720601164,0.703097511,126.8911944,37.18247222
0.503708081,0.2390169,127.4885556,37.42077778
1.257060386,0.039220713,128.8560556,37.46752778
0.24362941,0.165514438,127.4856389,37.79847222
0.472610941,0.457424847,127.7611944,37.40730556
0.717649023,0.90016135,127.5008889,37.43569444
1.561756084,0.463734016,128.0786944,37.829
1.926675857,1.366091654,128.8070278,37.12511111
1.25447819,2.87525812,128.0976944,37.28108333
1.775105179,1.625311262,128.0910833,37.81836111
0.758727103,0.576613364,128.2739167,37.38430556
1.581999124,1.835776355,128.0936111,37.28202778
1.452165745,1.269760545,128.0831667,37.82483333
0.595966863,0.482426149,127.7585278,37.51369444
1.691021105,1.89761986,128.0858889,37.82330556
0.336544318,0.223143551,127.5054444,37.73458333
0.475097233,0.494696242,127.7581389,37.51527778
1.137287075,0.636576829,127.7685278,37.51094444
0.432656268,0.615185639,128.0853611,37.82266667
0.717929594,0.90016135,128.8638889,37.28027778
1.01033053,0.576613364,127.4795278,37.41547222
0.2413377,0.207014169,128.7671667,37.37788889
0.945594286,0.3074847,128.8633611,37.27966667
1.031072959,0.858661619,128.0795556,37.82908333
1.425365868,0.378436436,127.7884167,37.52988889
0.856682074,0.3074847,128.8538889,37.28294444
1.398714307,0.548121409,127.7577778,37.51544444
0.505524488,0.688134639,128.8067222,37.12555556
0.182471664,0,127.4889444,37.79930556
0.714999645,0.631271777,129.1576667,37.11602778
0.405352927,0.223143551,127.7884167,37.52988889
0.698259292,0.3074847,127.4929722,37.739
1.241679739,1.047318994,128.0819444,37.82755556
0.397382997,0.371563556,127.7247222,37.43388889
1.637053088,2.860485124,129.1508611,37.10875
0.751177482,0.3074847,128.8640556,37.28197222
0.249136668,0.3074847,127.7323889,37.43233333
0.197847613,0.076961041,127.7576944,37.51461111
1.324601538,0.904218151,128.0625833,37.79997222
1.070984692,0.97455964,127.3987778,37.79508333
0.592336416,0.774727168,127.7949722,37.53147222
1.244001547,0.122217633,128.8693611,37.39438889
0.342598754,0.524728529,128.7893611,37.37338889
1.441258264,1.244154594,127.7319167,37.43319444
0.531996974,0.392042088,127.7591944,37.51363889
0.499457189,0.615185639,127.4788056,37.42102778
0.927365216,1.095273387,127.3973056,37.79755556
0.430138667,1.181727195,129.1595278,37.11927778
0.140208354,0.322083499,128.8082778,37.12736111
0.306533951,0.488580015,128.7898056,37.37397222
0.295356689,0.231111721,126.89325,37.18297222
0.320330005,0.113328685,127.7655278,37.5115
0.571475653,0.300104592,127.2990833,37.17125
2.485440513,2.60194867,128.7945833,37.12372222
1.061772553,1.244154594,127.4019722,37.80044444
1.497389246,0.959350221,127.5000556,37.73572222
0.613937167,0.431782416,128.2728056,37.37972222
0.829687355,0.631271777,127.4791389,37.41616667
0.628975287,0.810930216,127.7573611,37.516
1.98865106,0.246860078,128.8599722,37.47019444
1.29977269,1.214912744,128.8720278,37.47116667
0.859571013,0.576613364,127.4928333,37.73961111
0.992464719,1.244154594,128.7865556,37.37225
1.618954173,1.211940974,128.0829444,37.82552778
0.918445671,0.21511138,127.4945556,37.80125
0.693171931,1.147402453,128.2730278,37.38491667
0.768690855,0.832909123,127.4960833,37.73669444
1.060291367,0.451075619,128.83775,37.29138889
1.20650127,0.231111721,127.3955833,37.79219444
0.785646437,0.207014169,128.8644722,37.28119444
0.48954136,0.3074847,127.7800278,37.42566667
1.422364233,0.21511138,127.2989167,37.17247222
1.388641007,1.252762968,127.4911111,37.74130556
0.65385364,0.904218151,127.2969444,37.16944444
0.2037462,0.385262401,127.4929444,37.78494444
0.313641863,0.131028262,127.7561667,37.51980556
0.771913257,1.241268589,127.7818056,37.42788889
1.009496399,1.050821625,128.8498611,37.46869444
0.614016805,0.431782416,128.0862222,37.82313889
0.813645788,0.631271777,127.4912778,37.79886111
1.854538912,2.712706013,128.8070278,37.12511111
1.032573208,1.05431203,127.3991111,37.79713889
1.129902445,0.947789399,128.7834444,37.37311111
0.67209044,0.854415328,127.7676944,37.51822222
0.77045375,0.625938431,127.4923056,37.80063889
0.511567821,0.231111721,128.8083056,37.12786111
0.397757902,0.21511138,127.4838611,37.79863889
1.709867036,0.223143551,127.7226111,37.43908333
1.367362959,1.456286733,127.7731667,37.42516667
1.074350014,0.512823626,128.7931944,37.37377778
0.605512271,0.131028262,128.8765556,37.39702778
1.288387336,1.172482137,129.1435,37.11386111
1.611038496,0.631271777,127.7672778,37.51072222
1.41421211,0.262364264,128.0976944,37.28108333
0.763193777,0.854415328,127.2983333,37.17138889
0.639918235,0.457424847,127.3962222,37.79219444
1.423370786,0.625938431,128.8728611,37.39608333
1.134604773,0.31481074,128.8549167,37.46772222
0.535959566,0.364643114,126.8868889,37.18225
0.893674312,1.078409581,128.8502222,37.46944444
0.421060095,0.392042088,127.5005278,37.80691667
1.197909106,1.01523068,127.4931389,37.80075
0.459614437,0.378436436,128.7924444,37.37538889
1.050311972,1.376244025,128.8536944,37.46783333
0.763170459,0.463734016,127.5018333,37.73397222
0.661324994,0.703097511,126.8898611,37.18280556
0.472770643,0.500775288,127.7562222,37.51922222
0.466252242,0.207014169,127.4850278,37.79997222
0.721819353,0.904218151,128.8083889,37.12816667
1.034561249,0.841567186,127.4970278,37.73622222
1.367978662,1.987874348,127.7231944,37.43361111
1.853336174,1.987874348,127.7231389,37.43391667
1.561342084,0.598836501,127.7677778,37.51102778
0.234201626,0.371563556,127.4783333,37.41880556
0.397491737,0.21511138,128.0840833,37.82419444
0.28508393,0.438254931,127.7876944,37.53027778
0.665068843,0.947789399,128.2728056,37.37972222
0.547712709,0.254642218,127.4776389,37.41855556
0.945735648,1.134622726,127.4885,37.80038889
1.41053107,0.717839793,127.4944444,37.73686111
1.074648905,0.438254931,127.7305,37.43261111
1.149143774,1.17557333,127.4017778,37.80108333
0.542760122,0.2390169,127.4792222,37.41802778
1.343564419,0.444685821,127.4946111,37.73791667
1.09386033,0.774727168,128.8507778,37.46808333
1.796105414,1.978239036,128.8703611,37.40441667
1.201023966,0.512224645,127.7237222,37.435
0.559345002,0.741937345,127.4793056,37.41577778
0.987157831,1.16938136,129.1596111,37.12222222
0.851545502,0.457424847,127.4864167,37.42897222
0.36192926,0.444685821,127.7368611,37.43233333
0.371488103,0.553885113,127.7236667,37.43461111
0.46620979,0.371563556,127.4794444,37.41569444
0.344000622,0.444685821,128.0831389,37.82586111
0.578655092,0.322083499,127.4783889,37.41725
0.695253454,0.512823626,128.8652778,37.47761111
1.092790017,1.2753628,127.7224444,37.43913889
0.514936048,0.3074847,127.7686944,37.51105556
1.673730485,1.549687908,127.7695833,37.42563889
0.266838035,0.841567186,127.4922778,37.80033333
0.942562762,0.854415328,127.5049722,37.80488889
0.759343765,0.548121409,127.4906667,37.74280556
0.982408589,1.00063188,127.3980278,37.78941667
0.40517829,0.223143551,129.1574722,37.114
1.262213703,1.208960346,128.8446389,37.28372222
1.336237346,1.153731588,127.4015833,37.79988889
0.523502776,0.223143551,128.2741111,37.37477778
0.655340879,0.457424847,127.4818611,37.42211111
0.679709723,0.559615788,128.7925833,37.37525
0.937456345,0.470003629,128.8644722,37.28119444
0.253581113,0.31481074,128.8016111,37.37666667
0.453914081,0.457424847,127.4016111,37.80152778
2.265334929,2.447550863,129.1242222,37.10927778
0.658925471,0.841567186,128.0995556,37.79827778
0.99262813,1.286474026,128.8506389,37.46830556
1.208457881,0.223143551,128.8538611,37.28227778
1.053348424,0.90825856,127.4793056,37.42091667
0.45973487,0.277631737,129.1113056,37.10536111
0.406204301,0.300104592,126.8848056,37.18227778
0.435716996,0.3074847,127.7951389,37.52216667
0.453376941,0.576613364,128.8609444,37.40858333
1.542127141,0.385262401,127.3140556,37.14727778
0.210265756,0.122217633,127.7600556,37.51388889
0.254740732,0.104360015,128.8639444,37.28363889
0.124839317,0.3074847,129.1574722,37.114
0.671858124,0.854415328,126.8766389,37.18161111
1.229268444,1.401182974,129.1534444,37.11119444
1.102732365,1.075002423,127.4003611,37.79911111
0.764909416,0.966983846,127.47375,37.4195
1.258848184,0.451075619,128.8466667,37.28313889
1.20103757,0.896088025,127.4936944,37.80097222
0.9735057,0.858661619,128.8067222,37.12555556
0.372468385,0.131028262,127.7655278,37.5115
0.426210798,0.90016135,126.8658056,37.17038889
0.53722482,1.061256502,127.7953611,37.52255556
1.130288752,0.947789399,128.8633611,37.27966667
0.646213513,0.463734016,128.8575,37.28022222
2.396232955,2.578700529,128.8069444,37.12455556
0.674656229,0.300104592,129.1540278,37.1115
0.768358566,0.947789399,128.8615278,37.27852778
1.302021177,1.495148766,128.8546111,37.28277778
0.553845122,0.371563556,127.7893333,37.52791667
0.405804811,0.223143551,127.3965278,37.79316667
0.040560988,0.223143551,127.7871667,37.53119444
0.040370676,0.223143551,128.7877778,37.37430556
0.70712472,0.524728529,128.27375,37.3415
1.241473715,0.21511138,128.8460278,37.47263889
1.478024674,0.947789399,128.7930556,37.37508333
1.400784568,0.620576488,127.7313889,37.43777778
0.822596716,0.392042088,128.7934167,37.37366667
0.312748765,0.300104592,128.86375,37.28169444
0.751220545,0.90825856,129.1505,37.10705556
1.166010784,1.211940974,129.1561389,37.11347222
0.692734147,0.875468737,128.8623333,37.27952778
0.58753951,0.300104592,127.3032222,37.17372222
1.050983355,1.121677562,127.4893056,37.79897222
1.008336951,1.190887565,127.4056667,37.78602778
1.344579038,0.39877612,128.8284444,37.30441667
0.399534247,0.58221562,127.4870278,37.42955556
0.799363833,0.982078472,127.4898889,37.79825
0.468779123,0.39877612,128.85975,37.40861111
0.633300292,0.815364813,128.0998611,37.79819444
0.965796271,0.947789399,126.8971667,37.18394444
1.598645239,2.070653036,128.0931944,37.28058333
0.134042347,0.300104592,127.7585278,37.51447222
0.601197881,0.418710335,127.7941667,37.52261111
1.246409087,1.294727168,128.2739722,37.38136111
1.148038291,2.4765384,127.7273889,37.4335
1.264215084,1.043804052,128.8525556,37.28030556
1.031601112,0.943905899,128.8464167,37.28316667
1.40505535,1.987874348,127.7241111,37.43377778
0.551887628,0.500775288,127.7571944,37.51802778
1.447287985,1.44926916,128.2753333,37.36272222
1.099157603,1.134622726,129.1504444,37.10702778
0.91111161,1.244154594,128.8596389,37.46713889
1.397891526,1.460937904,128.8703611,37.40441667
0.44172614,0.3074847,128.0795556,37.82908333
1.441775521,0.620576488,127.7255278,37.4335
1.803444198,2.351375257,127.7876667,37.42458333
1.34681056,0.451075619,127.2989167,37.17247222
1.417083568,0.947789399,127.7225,37.43911111
1.11220488,1.294727168,129.1504444,37.10702778
0.563051197,0.451075619,127.4794167,37.42011111
0.616727838,0.3074847,126.8784444,37.18222222
0.475007529,0.292669614,127.7885556,37.52572222
0.459684474,0.641853886,128.7914444,37.375
1.222902488,1.040276712,127.7684167,37.51102778
0.405782438,0.223143551,126.8895556,37.18202778
0.949918961,0.246860078,127.4818611,37.42211111
1.105511205,1.17557333,127.7565278,37.51986111
1.474687311,0.385262401,128.08275,37.82625
0.624245996,0.806475866,128.8078889,37.12677778
1.423391383,1.241268589,128.07875,37.82919444
0.881585604,1.425515074,128.0932222,37.2805
1.18581722,0.518793793,127.7683056,37.538
0.883866467,0.924258902,127.4011111,37.80313889
1.490280706,0.357674444,128.8587222,37.27702778
0.354005493,0.559615788,127.75825,37.51630556
0.249613673,0.431782416,126.8886389,37.18097222
2.2766343,2.458733775,129.1254444,37.1035
0.943590841,0.760805829,127.7743889,37.42505556
0.504600482,0.500775288,128.7925833,37.37525
0.195674209,0.418710335,128.8087778,37.12763889
0.117538845,0.300104592,128.8703611,37.39255556
0.431950235,0.31481074,126.8645833,37.16527778
1.40681073,1.137833002,128.8494444,37.46811111
0.304712917,0.122217633,127.7884444,37.52875
1.045574482,0.862889955,129.1568056,37.11491667
0.639661559,0.457424847,127.7786111,37.42544444
1.112678697,0.457424847,127.4003611,37.79858333
0.716250842,0.300104592,127.3996111,37.79708333
0.554304161,0.625938431,126.8755556,37.18066667
0.726264117,0.90825856,128.2739444,37.38430556
0.759110698,0.576613364,127.7296667,37.43319444
0.774885547,0.482426149,128.8639722,37.40711111
0.948795442,0.378436436,128.8700278,37.38755556
0.964253886,0.548121409,127.5004444,37.73386111
0.725671232,0.90825856,128.8640556,37.28197222
1.010229343,1.16315081,127.4038056,37.78683333
1.312619442,1.2753628,128.2732222,37.37652778
0.640010073,0.457424847,128.2734722,37.38111111
0.313716378,0.131028262,127.4798889,37.41988889
0.773718281,1.300191662,126.8856111,37.18236111
1.069621159,0.854415328,128.8561111,37.46727778
0.610949384,0.457424847,128.2741111,37.38275
