Ni_pred,Ni_real,Lon,Lan
1.291141711,1.456286733,128.8501389,37.46913889
0.88517914,0.727548607,127.7511944,37.42491667
1.118641815,0.90016135,127.7468889,37.42747222
1.846303176,1.560247668,127.5193056,37.81447222
2.008531207,1.504077397,127.4929722,37.739
1.999282074,1.835776355,126.8899722,37.18352778
3.238469257,3.318902139,128.0796667,37.82830556
0.997414531,1.196948189,127.7686944,37.51105556
1.972453074,2.020222182,127.3047222,37.17327778
1.640079657,0.722705983,127.3963056,37.79019444
2.168818079,2.714694744,129.14075,37.10311111
2.862098187,2.950211758,127.7826389,37.4285
1.493392878,1.004301609,127.7701944,37.42513889
1.767237162,1.961502244,129.1518889,37.10755556
3.123336479,4.131961426,127.4931667,37.79955556
0.659240815,0.019802627,127.7886111,37.52833333
1.502280916,1.340250423,127.4019444,37.80002778
3.081640704,2.856470206,126.8971667,37.18394444
0.860300066,0.604315967,128.0836389,37.27261111
1.193065263,1.241268589,128.8502222,37.46944444
1.802929155,1.088561953,127.7723611,37.42516667
3.814876363,4.334672938,129.1574722,37.114
3.543161255,3.555348061,127.7585278,37.51369444
0.295224608,0,127.4885,37.80038889
2.56112287,3.148453361,128.8560556,37.46755556
3.415136034,3.355153443,128.8692222,37.40586111
1.551415932,1.095273387,127.4835556,37.79786111
1.463161131,1.568615918,128.8465833,37.28116667
3.288817806,2.950211758,128.8652778,37.47761111
0.452104846,0,127.7248333,37.43436111
1.498246788,1.86872051,127.7263889,37.43341667
2.683930898,2.753660712,127.7819444,37.42813889
0.805591853,0.470003629,128.8067222,37.12555556
2.503359604,1.945910149,129.1664167,37.11816667
2.98546455,4.002229273,129.1069444,37.11422222
0.745570964,0.717839793,127.40125,37.80230556
0.944452741,0.652325186,128.0953056,37.28197222
1.314717192,1.597365331,127.4793889,37.41588889
1.324796975,1.444563269,128.2741111,37.38275
3.097602469,3.287281858,128.7590556,37.37166667
0.660725357,0,128.275,37.36902778
2.685489249,3.306886702,127.7713056,37.42852778
0.738879615,0,127.7878889,37.53127778
1.524817498,1.545432582,128.7930556,37.37455556
1.763822579,1.91102289,127.4801944,37.42038889
3.416721786,3.442978916,126.8913333,37.18275
1.552861208,0.536493371,127.7635278,37.51233333
1.00486795,0,127.7891111,37.52755556
1.121923808,2.024193067,127.7398611,37.43327778
2.018773114,1.763017,127.4789444,37.41894444
0.923798515,0,127.76975,37.42586111
1.80181202,1.631199404,127.3014722,37.17286111
0.89542623,0.300104592,128.7990556,37.12680556
2.452237427,2.756205243,127.7651944,37.41116667
1.96522173,1.381281819,127.4795,37.41522222
1.69828458,1.86872051,126.8755556,37.18066667
3.155901345,3.405521353,128.0625833,37.79997222
3.263800797,3.307985,127.4969167,37.80144444
3.141162633,3.069447311,127.7612222,37.51327778
1.509708575,1.678963975,127.4928333,37.73961111
2.180498704,2.403334996,128.1003611,37.79733333
2.001273128,1.427916036,127.4792222,37.41802778
0.952190329,0.858661619,128.8430833,37.28516667
2.425971014,2.928523524,127.7724722,37.42508333
0.904760391,0.198850859,127.3102778,37.182
1.703332577,1.91839212,127.3018889,37.17241667
2.79175465,3.937105786,128.0837778,37.82497222
1.818486661,1.413423029,127.7263889,37.43341667
0.947306749,1.00063188,128.0920556,37.28025
1.504407613,1.78339122,127.723,37.43394444
1.091126926,1.172482137,127.4783889,37.41725
3.241832872,3.908617212,127.7558611,37.51827778
2.804901336,2.470638678,126.8963611,37.18488889
1.446147443,1.859418118,128.8601944,37.47066667
1.259800476,1.413423029,127.723,37.43394444
1.465975362,1.619388243,128.7945833,37.12372222
1.316766938,1.241268589,127.7663333,37.42261111
1.265464661,1.2753628,128.7931944,37.37377778
1.095068129,1.211940974,127.4791389,37.41616667
1.313115473,1.147402453,127.3025,37.17013889
1.087470072,1.184789985,128.2730833,37.38075
1.132932195,1.316408234,128.8103889,37.13111111
3.986193221,4.354655438,126.8908889,37.18236111
0.759084787,0.667829373,127.4022778,37.78288889
2.936095104,2.886475288,128.2732222,37.37652778
1.17999581,0.329303747,128.0855278,37.24858333
1.215367683,0.936093359,128.8700833,37.39588889
2.263264025,3.169685581,128.2730833,37.37916667
3.18788373,3.261935314,128.0819444,37.82755556
2.998835537,3.792563565,128.8644722,37.28119444
3.444077855,3.176803048,127.7577778,37.51544444
1.121243273,0.732367894,127.4757222,37.41927778
1.419060405,1.53686722,128.8121111,37.13044444
2.924905564,2.930126516,127.7565556,37.52463889
1.184197348,1.156881197,127.4017222,37.80122222
3.309933548,3.501645853,128.7793611,37.37352778
2.434209935,0.231111721,127.3980278,37.78941667
2.976626185,3.283539338,127.7655278,37.5115
2.379500276,2.916147794,128.8587222,37.27702778
3.402864431,3.264613717,128.8560556,37.46755556
3.275656266,3.73289634,128.0845833,37.82372222
1.173041427,0,127.7876944,37.53027778
1.429692643,1.749199855,128.8526667,37.46827778
1.484034469,1.743968805,127.4921111,37.74052778
1.53890737,1.826160896,128.7914444,37.375
1.394033958,1.156881197,128.8455833,37.28302778
3.269657918,3.599228232,128.7558611,37.36958333
0.83534223,0,128.8008056,37.12597222
0.803899667,0.536493371,127.4768333,37.41897222
1.278242103,1.01884732,128.2736667,37.38486111
3.356032267,3.374511116,128.8751944,37.39661111
2.907761768,3.064791809,128.8610833,37.46702778
0.806671103,0,127.3996111,37.79708333
1.533235876,1.631199404,128.7928611,37.37388889
1.816289365,1.781709133,127.2983333,37.17138889
3.52127291,3.844386357,126.8897778,37.18202778
2.242820392,2.655352412,127.7756389,37.42527778
1.203424317,0,128.7975833,37.12608333
1.488654566,1.305626458,128.8637778,37.27936111
1.280566559,1.121677562,128.8732222,37.39688889
3.419448107,3.532810268,126.896,37.18425
1.177189032,1.205970807,127.4823611,37.42336111
2.479132269,2.727852828,127.7756389,37.42527778
2.884219804,3.095125017,127.7657778,37.40133333
1.334959192,0.810930216,127.4808889,37.41941667
1.575703078,2.013568798,127.4929722,37.739
2.656875935,3.529883723,129.1511944,37.10752778
1.360174281,1.324418957,127.4908889,37.74341667
1.855660679,1.848454813,126.8848056,37.18227778
1.520011434,1.617406082,127.3045833,37.17505556
1.878446863,1.987874348,126.8755556,37.18066667
1.787565575,1.393766376,128.0967778,37.80697222
2.690505472,3.064791809,127.7735,37.42491667
1.359965198,1.184789985,129.1596111,37.12222222
3.369978642,3.258865473,128.0795556,37.82908333
3.387309812,3.529297384,129.1664167,37.11816667
0.921938199,1.16315081,128.8731667,37.39483333
1.613553005,1.481604541,128.8771667,37.397
3.139247425,3.343921314,127.3966389,37.76438889
2.349041605,0.832909123,127.7591944,37.51363889
1.329481215,1.44926916,128.8121111,37.13044444
1.802640244,2.518502599,128.2739167,37.38430556
2.455274802,3.114847754,128.2755556,37.365
2.849429733,4.079907514,128.0982778,37.28083333
1.635104562,1.272565596,126.8786667,37.18380556
3.054533496,3.058707073,129.1508611,37.10875
1.99739205,1.941615225,128.1003611,37.79855556
1.183431134,1.327075001,128.7925556,37.37411111
2.654775167,3.47537678,128.8704722,37.40469444
0.564668823,0.336472237,127.4015833,37.79988889
3.429544272,3.743604354,126.8906944,37.18219444
1.865894421,1.940179474,128.8070278,37.12511111
2.745618518,3.050693832,128.8626944,37.2795
2.203140127,2.374905755,127.7666111,37.42086111
2.299888408,1.838961071,127.3987222,37.79616667
1.237363101,0.231111721,127.4938611,37.73797222
0.775003021,0.652325186,127.4789444,37.41863889
3.19141234,3.962145615,128.7874167,37.37325
1.643824555,1.291983682,128.8579444,37.46772222
1.139809872,1.078409581,127.4788056,37.42102778
2.306397142,3.17971911,127.7808889,37.42597222
1.32466242,1.682688374,127.4940833,37.80080556
0.517392413,0,127.3987778,37.79508333
3.496246064,3.840097266,126.8966111,37.18513889
1.724849294,1.515127233,126.8848056,37.18227778
0.973730086,0.746687947,128.8538889,37.28294444
1.341959726,1.673351238,128.8697222,37.3965
3.076293144,3.185112195,128.8623333,37.27952778
2.507397648,2.937043277,127.7810278,37.42663889
0.755712094,0.322083499,127.4888889,37.43038889
1.177500748,1.036736885,127.4929722,37.79897222
3.426994541,3.467297183,127.7561667,37.51980556
1.23758614,1.515127233,127.7273056,37.43311111
2.609474411,2.424802726,128.0805278,37.82816667
1.295485328,1.495148766,127.49975,37.73605556
1.350897895,1.427916036,128.7779167,37.37308333
1.850002613,1.845300236,129.1554722,37.11147222
3.400594235,3.27336401,127.4896389,37.79708333
2.798482091,3.017004409,127.4885556,37.42077778
3.463063094,3.370738174,127.7885556,37.52572222
1.387607721,0.936093359,127.4946111,37.73758333
1.793568743,2.514465452,128.7907222,37.37461111
3.706941309,3.75490125,126.8658056,37.17038889
1.672114017,0.955511445,127.4907778,37.74194444
1.308117496,1.605429891,128.2741111,37.38275
3.578812644,3.936325298,128.8744167,37.39463889
1.333856217,1.766441661,127.3006111,37.17261111
0.864792039,0,128.8083056,37.12786111
1.49885632,0.916290732,128.8739167,37.39655556
2.701701236,3.07130346,127.7731667,37.42516667
1.612604907,0.966983846,128.7933611,37.37355556
1.36913335,1.613429934,128.8075278,37.12675
1.267343348,1.515127233,127.4794444,37.41569444
3.298468934,3.298426104,127.4915833,37.80086111
1.120398912,0.693147181,128.8464167,37.28316667
1.037148177,0.993251773,127.4808611,37.42022222
3.081722075,3.269568939,128.8567222,37.46294444
1.333572945,1.566530411,127.4912778,37.79886111
2.063983666,2.376764491,127.78,37.42552778
3.159044403,3.149740086,127.79,37.52477778
0.39061325,0,128.7978889,37.12644444
2.6450864,3.235929579,128.0810278,37.82744444
3.409304102,3.762362231,127.7941667,37.52261111
1.472459974,1.605429891,128.8639444,37.28363889
0.698381316,0.576613364,127.7865556,37.53463889
1.258861744,1.25846099,128.2746944,37.38313889
1.124772422,1.08180517,127.3045833,37.17505556
1.63988832,1.373715579,127.5054444,37.73458333
1.539381115,1.481604541,126.8886389,37.18097222
0.721192484,0,127.7319167,37.43319444
1.373447415,1.214912744,128.2734722,37.38111111
2.840418312,3.509752788,128.2741111,37.37477778
3.262262041,3.282789151,128.8650278,37.40708333
1.688083769,1.335001067,128.8070278,37.12511111
1.167159819,1.481604541,127.5007222,37.74
1.341912271,0.978326123,127.4906944,37.74222222
3.120163824,3.138099515,127.7949722,37.53147222
0.735348626,0,127.4872778,37.4285
3.088519973,3.713572067,128.8600556,37.46972222
1.835852305,1.768149604,127.4857778,37.79813889
1.737203599,1.483874689,129.1511944,37.10752778
0.642037608,0,127.7231389,37.43391667
1.748302035,1.619388243,127.3029444,37.16638889
1.145241089,1.160020917,127.4788056,37.42102778
2.86019071,2.917230045,129.1508611,37.10875
2.843338024,3.233961462,128.8584444,37.43027778
1.80530582,1.731655545,127.7234722,37.43536111
2.047903829,2.036011984,129.1557778,37.11183333
1.157307268,0.418710335,127.4951389,37.73725
1.34071709,1.560247668,127.4029167,37.78758333
2.068998826,2.02287119,126.8810833,37.18669444
0.742239646,0,128.8382778,37.47602778
1.390735948,0.683096845,128.0909444,37.28027778
3.08054007,3.361416512,128.0798056,37.82791667
3.402135143,3.311637305,127.7655278,37.5115
2.39925175,2.892037037,128.8628611,37.28041667
0.907369134,0.385262401,128.8065,37.12602778
3.177948602,3.439776864,129.1294722,37.10605556
1.306048254,0.336472237,128.0939444,37.28194444
1.857209507,2.337952237,127.2990833,37.17125
1.6002543,1.504077397,127.7247222,37.43388889
3.471449461,3.513036863,127.7685,37.42641667
3.183427628,3.477232068,128.0796944,37.82855556
3.460664059,3.581015808,127.793,37.52327778
0.944577819,0.774727168,127.5049722,37.80488889
1.337966423,1.305626458,128.8515278,37.46836111
1.392062558,1.348073148,127.7685278,37.51094444
1.777235546,1.864080131,128.8102778,37.13202778
1.383255187,1.564440547,128.8766944,37.39680556
1.419199808,1.439835128,128.8111944,37.12872222
1.615319502,1.795087259,127.5054444,37.73458333
1.70334303,1.788420568,127.7230556,37.43430556
2.813423113,2.719319793,128.8639722,37.40711111
0.903399068,0.797507196,127.4829444,37.42372222
3.53423203,3.579064588,127.79,37.52477778
2.012346949,2.000127735,127.4833889,37.79933333
2.068877766,2.367436065,127.7876667,37.42458333
1.232023879,1.539015448,127.4007778,37.79922222
1.339047696,1.574846468,127.4019722,37.80044444
3.343482084,3.341801172,126.8886667,37.18083333
0.305575983,0.067658648,127.7537778,37.41852778
1.750665319,1.638996715,129.1504444,37.10702778
1.287131315,0.797507196,128.8466667,37.28313889
1.52421747,1.208960346,127.4823333,37.42286111
1.233190516,1.181727195,128.2730278,37.38491667
1.889559699,1.327075001,128.2760556,37.37688889
2.388083394,2.233235015,127.7793889,37.42547222
2.622794162,2.486571929,129.1435,37.11386111
0.821598648,0.246860078,128.8108611,37.1315
1.490705234,1.272565596,128.2731944,37.38469444
2.467273903,2.360854001,127.7743889,37.42505556
1.449701798,1.406096988,128.2744167,37.38372222
1.90764431,1.89761986,127.7609722,37.51236111
1.325465025,1.124929597,127.3965278,37.79316667
3.102761603,3.370738174,127.7640833,37.51241667
1.397325701,1.430311247,127.3991111,37.79713889
1.727439358,1.854734268,126.8899722,37.18352778
2.47141831,3.025291076,128.8623333,37.27952778
1.33915211,1.593308531,128.8697222,37.3965
1.392841011,1.398716881,127.7672778,37.51072222
2.995902498,3.410817625,127.7813889,37.42736111
1.397415096,1.217875709,128.0840833,37.82419444
1.050943873,0.262364264,128.8271667,37.48102778
2.026917396,1.932969638,128.0969167,37.80125
0.783924352,0,127.4906944,37.74222222
1.279996758,1.050821625,128.8075278,37.12675
1.32042013,1.348073148,127.4889444,37.79930556
1.765915789,1.720979287,126.8613611,37.20572222
1.981186068,1.759580571,129.1254444,37.1035
1.059726477,0.806475866,128.1160556,37.28077778
0.594392121,0,127.7419722,37.43163889
3.354703243,3.661508257,128.0841667,37.82427778
1.499366604,1.381281819,128.0840833,37.82419444
0.956791677,0.270027137,127.7273889,37.4335
2.821288923,3.469478889,129.1445,37.10405556
0.866327407,0.524728529,128.0931944,37.28058333
3.336720333,3.794139965,128.8078056,37.12691667
1.616085179,1.773255998,126.8856111,37.18236111
2.8619125,2.723267167,126.8962778,37.18433333
1.619655838,1.752672081,127.7229444,37.43897222
3.19394997,3.351306612,127.7574722,37.51816667
2.61086466,2.774461967,127.7755,37.42513889
1.473750129,1.381281819,127.4881389,37.80019444
1.124380712,0.841567186,128.0958056,37.28194444
1.537073809,0.048790164,128.7996667,37.12666667
0.978151522,0.858661619,128.8731667,37.39483333
2.740621013,3.321432413,128.27325,37.37594444
1.484355856,1.613429934,127.4863333,37.80008333
1.456888974,1.512927012,127.4853611,37.79977778
1.675211395,2.054123734,128.8637778,37.27936111
3.25865289,3.333988632,126.8769722,37.18097222
1.550683372,1.978239036,127.7668056,37.51088889
1.392478056,0.615185639,128.8556389,37.46752778
3.115118902,3.103240481,126.8896667,37.18102778
1.178221728,1.068153081,128.8101667,37.12936111
3.358661045,4.222444565,129.157,37.11594444
1.81216928,2.370243741,127.7313889,37.43777778
1.649504984,1.40854497,127.2969444,37.16944444
1.668362064,1.40854497,127.7667222,37.42141667
1.195527069,1.208960346,127.4818611,37.42211111
1.223628164,0.982078472,127.4808889,37.41941667
3.222181947,3.293983297,127.7891944,37.53083333
1.294589906,1.111857515,128.863,37.27963889
3.3983662,3.494687725,126.8934444,37.18325
1.403794711,1.111857515,127.7695833,37.42563889
3.449075364,3.680847282,128.7671667,37.37788889
2.860768458,3.514228404,127.77975,37.42544444
2.561644196,3.135494216,127.3937222,37.76252778
1.377730969,1.040276712,127.4908611,37.74294444
0.779291961,0.165514438,127.4913333,37.74072222
1.371870158,1.150572028,128.8635278,37.28330556
3.556537806,4.08933202,128.7875278,37.37411111
3.619588669,3.853970074,129.1113056,37.10536111
3.404677864,3.606855619,128.09,37.82252778
2.688436557,3.021887231,127.7724722,37.42508333
1.566501338,1.562346305,127.4937778,37.73905556
1.036045865,0.693147181,127.4793056,37.42091667
1.343317913,1.187843422,127.7802222,37.51180556
1.532689354,0.963174318,128.8739167,37.39655556
3.14938805,3.066656612,128.7930556,37.37344444
3.297567395,3.536019607,127.51875,37.80594444
2.440280468,3.05305734,129.1464722,37.10377778
2.998289493,3.374168709,128.2768889,37.35772222
2.795229779,2.723267167,127.4873611,37.43013889
1.458035558,0.760805829,128.8464444,37.11238889
0.941463678,0,128.7969444,37.12591667
0.725769745,0,127.4971667,37.73688889
2.919700572,3.010620886,127.7689722,37.51111111
0.920873712,0.631271777,127.4947778,37.80125
2.795955936,3.134189017,126.8938889,37.18305556
1.0975421,1.160020917,128.8765556,37.39702778
1.323627586,1.410986974,128.8515278,37.46836111
1.548459973,1.337629189,128.8720278,37.47116667
3.302130772,3.626738058,128.2807222,37.35294444
3.412731734,3.528417232,128.0795556,37.82908333
1.384688359,1.437462648,128.8103333,37.12936111
1.069888105,0.131028262,128.0976944,37.28108333
1.023907193,0.553885113,127.3973611,37.79383333
1.640524231,1.193922468,128.083,37.82608333
3.136475517,3.237501289,128.7934167,37.37366667
2.162838555,2.084429083,127.7672222,37.4195
1.685585332,1.960094784,127.7276389,37.43394444
1.480868392,1.474763009,127.4810278,37.41377778
1.394275485,1.047318994,128.87425,37.39725
1.639478665,1.386294361,127.3997222,37.7945
2.770995815,4.050218504,128.8636111,37.28338889
1.41482805,1.451613827,128.8579444,37.46772222
1.716566248,1.857859271,128.2739167,37.38430556
3.490430812,3.54731589,127.7660556,37.42522222
1.13908436,0.698134722,127.4853889,37.79761111
3.125106506,3.780318514,128.7874167,37.37325
2.73269738,3.364879119,128.2737222,37.37594444
1.852961595,2.366498419,127.5046111,37.73477778
1.441194605,1.740466175,127.4910833,37.741
3.083060593,3.337547355,128.7863889,37.37255556
1.130627581,0.392042088,128.0936111,37.28202778
1.768328119,1.795087259,129.1332778,37.10305556
2.55248888,2.866192902,128.2735278,37.37708333
3.545067385,3.921577218,128.85975,37.40861111
1.348894528,1.01523068,127.3992222,37.78894444
1.558781299,3.000719815,128.8638611,37.28097222
0.402654336,0,127.4850833,37.42705556
1.765257808,1.658228077,127.2983333,37.17138889
1.358212112,1.415853163,128.8615278,37.27852778
2.200549742,3.005682604,128.27425,37.37366667
1.045452112,1.004301609,127.4848056,37.79730556
2.860598188,3.51244056,127.7781667,37.42552778
2.762905243,2.98214032,128.8628611,37.28041667
1.193718667,1.386294361,128.2730556,37.38047222
1.329587563,1.373715579,128.8506389,37.46830556
1.684869796,1.553925203,128.0846944,37.82375
2.733443534,2.807593831,128.2729167,37.37802778
1.704822722,0.832909123,127.7368611,37.43233333
1.301434923,0.959350221,128.8643056,37.28355556
1.254315633,1.701105101,127.4784444,37.41805556
1.423043788,0.970778917,128.8446389,37.28375
2.142578696,2.219203484,128.8643056,37.28330556
1.297358122,1.297463147,127.4776389,37.41855556
2.768772231,3.400530493,128.2758056,37.36747222
0.998277239,0,128.0976944,37.28108333
2.890628308,3.549617387,127.4867778,37.79897222
1.456592599,1.722766598,127.4929444,37.78494444
1.135111451,1.756132292,127.484,37.42536111
2.823411749,3.60004824,128.8645278,37.28152778
1.292898216,0,127.7559167,37.52652778
2.364900697,2.992226134,128.8633611,37.27966667
3.374584985,3.62620586,126.8961389,37.18447222
3.406383123,3.494080376,126.8934444,37.18325
1.259982972,1.342864803,128.7904167,37.37427778
1.542305793,0.97455964,127.4785278,37.41702778
3.194970738,3.338257582,128.0818056,37.827
1.497310728,1.728109442,127.7664722,37.42208333
1.767927095,1.722766598,127.4848611,37.79913889
1.985435876,1.976854953,126.8805278,37.18625
0.76745962,0.476234179,127.7236667,37.43461111
1.119161239,0.815364813,127.2985833,37.17105556
0.55515394,0,128.8109444,37.12927778
3.304150765,3.075928816,128.7928333,37.37488889
1.996850571,1.150572028,127.3972778,37.79755556
1.157854755,0.173953307,127.3245278,37.17233333
1.608188501,1.713797928,127.7236111,37.43405556
3.275909206,3.270329106,128.8734722,37.39633333
3.40315821,3.510051787,127.7890556,37.52555556
3.436902832,3.458837161,127.7676944,37.51822222
1.854590451,1.635105659,128.8507778,37.46808333
1.377327057,1.532556868,128.85075,37.46786111
1.182548044,1.406096988,128.8594444,37.46894444
2.981405948,3.700066644,127.3155556,37.15905556
1.158667954,1.124929597,128.8731389,37.39438889
3.427850848,3.463232773,128.0818889,37.81338889
1.539011972,2.02287119,128.8464167,37.28316667
1.618948374,1.418277407,127.7812778,37.51172222
1.873846433,1.850028377,128.8456944,37.28333333
1.983045463,1.91102289,128.8635833,37.28119444
3.036465474,2.971951745,128.2733333,37.37797222
1.048785318,0.609765572,128.0923333,37.27355556
2.843480137,2.865623588,127.7817222,37.42847222
3.2043572,3.168424281,128.7928333,37.37488889
3.197036199,3.563032744,128.8565556,37.46775
0.908520637,0.207014169,127.7871667,37.53119444
3.457699517,3.540089381,128.8610833,37.46702778
1.128724673,0,127.7884722,37.52919444
3.079378189,2.644044871,129.1576667,37.11602778
3.446937506,3.417070731,127.7951389,37.52216667
1.282261917,1.131402111,128.2728056,37.37972222
1.721666805,2.050270164,127.3962222,37.79219444
0.991323636,1.05431203,127.3978056,37.79813889
1.192871063,1.150572028,128.2739444,37.38430556
3.60977985,4.103799721,128.7925833,37.37525
1.341050146,1.121677562,128.8554167,37.28122222
0.822331726,0.609765572,127.5018333,37.73397222
3.42575917,3.399863159,127.7676944,37.51822222
1.756894867,1.342864803,127.7672778,37.51072222
3.071171631,3.522529667,126.8716111,37.17444444
1.422239047,1.553925203,128.8526667,37.46827778
2.824567011,3.449670035,128.2735556,37.37766667
1.032086715,0.21511138,127.7743889,37.53744444
1.249827559,1.178654996,127.7240278,37.43666667
1.612984473,1.680827909,128.0998611,37.79819444
1.940094193,1.541159072,127.7255278,37.4335
1.348265247,1.226712291,127.3955833,37.79219444
2.977493059,3.225652809,128.8016111,37.37666667
1.158207933,1.350667183,128.8603889,37.47091667
3.366377658,3.541828511,127.4986667,37.80325
1.427323115,1.451613827,128.8034444,37.12544444
1.261579818,1.366091654,128.8104444,37.13097222
2.766728999,3.221671912,127.7771111,37.42505556
0.639842627,0.131028262,127.4858333,37.42891667
0.797211221,0.039220713,127.4038056,37.78683333
2.08183048,2.1102132,126.8842778,37.18411111
1.264523386,1.313723668,128.2742778,37.38413889
1.145882213,1.00063188,127.3996111,37.79602778
1.446900198,1.172482137,127.4906389,37.74272222
1.599900969,1.853168097,128.1003611,37.79855556
1.540700057,1.193922468,127.5000556,37.73572222
0.878087777,0.717839793,128.8766944,37.39680556
1.205201088,0.463734016,127.4818611,37.42211111
3.446937506,3.432049845,127.7949722,37.53147222
2.248625768,2.876948738,128.8636389,37.28261111
2.984224713,3.376563101,128.2741111,37.37477778
0.727625381,0.292669614,127.4793056,37.41577778
2.312490579,2.791165108,128.8629444,37.28169444
1.485344583,1.033184483,127.3047222,37.17327778
2.731101444,2.970414466,127.7768056,37.42505556
1.209172235,1.004301609,128.8113056,37.12930556
1.587409663,1.291983682,127.4968056,37.80205556
0.824484328,0.512823626,127.7201111,37.42933333
2.796847011,3.129826008,128.8596944,37.28036111
2.402337081,3.318902139,128.8638889,37.28027778
0.808530753,0,127.7876667,37.53161111
1.457450567,1.085189268,127.4000278,37.79825
2.934320647,3.142858338,127.7689722,37.51111111
1.959602906,2.041220329,129.1470833,37.10375
1.028070066,0.678033543,127.4944444,37.73686111
0.69859736,0.385262401,127.3995,37.79830556
3.162425789,3.134189017,127.78825,37.52377778
1.03638564,0.139761942,127.4947222,37.73727778
1.11302414,1.01884732,128.8099167,37.13869444
1.727244804,1.560247668,129.1568056,37.11491667
3.441803164,3.45946629,127.4956944,37.80144444
1.137802571,0.955511445,128.0832222,37.27027778
1.349598618,1.458615023,128.7865556,37.37225
1.069807074,1.223775432,127.78925,37.52619444
2.436411622,1.940179474,128.1002222,37.82172222
0.440813062,0,128.8109444,37.12925
3.510573974,3.470723444,126.8928056,37.18291667
0.75655718,0.322083499,128.8596389,37.46713889
2.042496193,2.029463172,129.1524722,37.10941667
0.557430258,0,128.7893056,37.37377778
3.378882497,3.563882964,126.8911944,37.18247222
1.563399104,1.247032294,129.1541667,37.11119444
1.384058317,1.818076778,128.8601667,37.46694444
1.163814143,1.160020917,127.5007222,37.74
1.55297539,1.425515074,127.3955278,37.79225
3.444724978,3.258096538,127.75825,37.51630556
0.769365131,0,128.2730556,37.38047222
1.297863286,1.924248652,127.5008889,37.43569444
0.71805704,0,127.7319167,37.43319444
3.027352016,2.877511642,127.7528611,37.52819444
1.323943199,1.249901736,128.8575,37.28022222
0.525012788,0,127.4975,37.73597222
1.319856489,1.226712291,127.4906667,37.74280556
1.274329348,0.862889955,128.8636111,37.28363889
1.346138206,1.324418957,128.0932222,37.2805
3.398989804,3.492256113,128.8703611,37.39255556
1.44847803,1.715598108,128.8560556,37.46752778
0.8647047,0.604315967,128.8109444,37.13008333
3.11723099,3.333632062,129.1121667,37.10638889
1.125120635,1.064710737,127.4910833,37.74327778
1.677894457,1.921324674,127.4798889,37.41988889
0.983749018,0.530628251,128.8546111,37.28277778
0.60124676,0.609765572,127.4017778,37.80108333
3.340122714,3.505257052,126.8748611,37.18047222
3.213999089,3.07408124,128.7898056,37.37397222
3.176971667,3.370050653,128.0831667,37.82483333
1.332488017,1.506297154,127.7305,37.43261111
1.630658172,1.913977102,127.7226111,37.43908333
1.269369381,0.819779831,127.7893333,37.52791667
2.190208655,2.499795262,128.8083889,37.12816667
1.259655849,0.896088025,128.0923333,37.27355556
1.19391771,1.08180517,127.4803333,37.41422222
3.350743431,3.61361697,128.0829444,37.82552778
0.874506806,0.770108222,127.30775,37.18052778
0.938982895,0.565313809,128.8078889,37.12677778
1.211423635,1.184789985,128.2739444,37.38211111
1.121243583,0,127.7581667,37.51544444
1.471471525,1.474763009,128.7914444,37.375
0.460179201,0.139761942,127.4765278,37.419
1.249817176,0.457424847,127.7559444,37.53508333
0.919872283,0.343589704,128.0936111,37.28202778
1.337209868,1.465567542,128.8538611,37.28227778
1.210397614,1.693779061,127.4783889,37.41725
1.078414836,0.966983846,127.4936944,37.80097222
3.104387033,3.261168737,129.1320556,37.10427778
1.498504288,1.931521412,127.7342222,37.43169444
2.578239119,3.057297629,127.7738611,37.425
1.076203727,0.598836501,128.0901111,37.28002778
1.341059822,1.137833002,128.8561389,37.28072222
2.218614014,2.559550193,127.7764722,37.42530556
2.047722341,2.63905733,129.1514722,37.10847222
1.178226001,1.289232648,127.2894722,37.16227778
3.411839424,3.571502586,126.8918056,37.18297222
2.008358259,2.074429,128.0995556,37.79827778
3.431973142,3.7208625,127.7585278,37.51369444
1.067653068,0.438254931,128.8067222,37.12555556
1.364717941,1.615419984,127.7296667,37.43319444
2.48699453,2.683757509,127.4850556,37.79880556
1.762662217,1.989243274,127.7626111,37.51177778
3.174695275,3.221272949,129.1130278,37.10813889
1.105763273,1.033184483,128.8446389,37.28372222
1.594897078,1.388791241,127.3021944,37.16797222
2.496580356,2.990719732,128.8609167,37.46669444
1.422848959,0.837247525,128.8099167,37.13869444
1.069475092,0.431782416,128.0829444,37.27169444
1.778967846,1.798404012,129.1353611,37.10311111
1.912910572,2.010894999,126.8803889,37.18611111
1.183613108,1.088561953,127.4805833,37.414
2.479751024,1.593308531,127.4836944,37.42461111
1.651389325,1.499623046,127.7224444,37.43913889
3.259702775,3.514228404,127.7612222,37.53675
3.425454205,3.506457892,128.0682222,37.80963889
2.954197795,3.269188639,128.8728611,37.39608333
1.128215659,0.641853886,127.3978056,37.79813889
1.970381027,2.301584593,126.8856111,37.18236111
1.570630533,1.247032294,127.50525,37.73463889
2.276636451,2.738902665,127.7748611,37.42527778
3.040185326,3.109060959,128.8553611,37.46786111
2.747090499,2.999226163,127.4885556,37.42077778
2.877295045,3.512142276,128.2741944,37.37230556
0.712936343,0,127.7285278,37.43341667
3.387290314,3.47908392,128.8016111,37.37666667
1.139148203,1.223775432,128.8759444,37.46802778
1.182667731,1.004301609,127.4878611,37.79886111
1.47448432,1.5518088,127.7225,37.43911111
2.206542838,2.387844937,129.1557778,37.11183333
3.399666188,3.399195379,128.8481944,37.47244444
1.34572359,0.97455964,128.7810556,37.11447222
2.833272744,3.349904087,128.8696111,37.39344444
1.268211607,1.085189268,127.4878611,37.79886111
1.743140181,1.960094784,127.4873889,37.79911111
3.403444237,2.837322537,127.7681111,37.51086111
3.263916888,3.510948246,128.8759444,37.39794444
1.425047238,1.022450928,127.2894722,37.16227778
1.572298103,1.774952351,127.4873611,37.43013889
2.835006552,2.751109691,127.7818889,37.42802778
0.867776456,0.570979547,128.8403889,37.47530556
3.515732331,3.666633845,128.0866944,37.82308333
1.942785758,1.937301775,129.1540278,37.1115
3.431429424,3.63363098,128.0921111,37.81508333
1.373863808,1.211940974,128.8599722,37.47019444
3.443574277,3.63758616,128.0910833,37.81836111
2.783194347,3.086486637,128.8550833,37.28205556
1.374679599,1.101940079,128.2739722,37.38136111
1.99808175,2.100468909,127.30275,37.16761111
0.933014812,0.067658648,128.0929444,37.28225
1.202824532,0.792992516,128.8709722,37.39233333
1.585612957,1.393766376,127.4011944,37.80247222
1.336614795,1.987874348,127.4801111,37.41452778
2.234287942,1.166270937,127.7593889,37.51347222
3.392368104,3.147164977,128.0819444,37.82755556
0.61688349,0,127.4783333,37.41880556
1.224820702,1.313723668,127.4982222,37.80327778
2.768983005,3.314186005,128.0824444,37.82652778
2.085488033,2.234306252,126.8880556,37.18155556
1.213227795,1.196948189,128.7930556,37.37508333
3.570662973,3.68210657,126.8886667,37.18191667
1.610672253,1.386294361,127.4013611,37.80194444
1.494260076,1.297463147,128.8622778,37.27869444
1.190058708,1.313723668,128.0848056,37.25452778
1.280247503,1.479329227,127.7289167,37.43302778
1.938335825,2.024193067,128.8057222,37.12619444
2.377634378,2.884800713,128.8587222,37.27702778
1.3080024,1.153731588,128.2751111,37.36833333
2.254931441,1.481604541,127.49075,37.74086111
1.747236392,2.009555414,128.8456944,37.28333333
0.862044107,0,127.7884722,37.52919444
3.427391582,3.352707173,126.8906944,37.18219444
1.738381947,1.472472057,129.1561389,37.11280556
3.122497465,3.036394255,126.8926944,37.18297222
0.966548702,0.405465108,127.3058333,37.16619444
1.44566022,0.78845736,127.3066111,37.17777778
3.125306499,2.98517676,127.7896111,37.52527778
2.461022374,2.813610697,128.2742222,37.36986111
0.700936533,0.536493371,127.3973056,37.79755556
3.282276477,3.142858338,126.8948889,37.18513889
1.445863419,1.358409158,127.47875,37.41680556
3.20732668,3.612268352,127.2895556,37.15105556
1.441619729,1.420695788,127.4915,37.74077778
1.575347539,1.483874689,128.0979722,37.79741667
1.470013886,1.704748092,127.4772222,37.42005556
1.544050198,1.646733697,128.8183889,37.30116667
2.860107057,3.524888854,128.2738056,37.37472222
3.113649081,3.4190373,127.7560278,37.51822222
3.022932269,3.514526067,128.86375,37.28169444
1.181223286,0.90825856,128.8109444,37.13008333
1.929276225,1.752672081,128.8082222,37.12927778
0.802207652,0.405465108,127.7228611,37.43894444
2.172761372,1.60743591,127.4026667,37.78808333
2.34334768,2.892037037,128.8579444,37.46741667
1.570411056,1.435084525,128.8083056,37.12786111
0.652996461,0,127.4783333,37.41880556
1.387911077,0.97455964,127.4906667,37.74138889
1.197016401,1.199964783,127.2989167,37.17247222
0.305575983,0,127.7228611,37.43894444
3.519723722,3.634423268,128.0866944,37.82308333
2.744038321,2.978586115,129.1235,37.10138889
3.221138624,3.175132902,128.7637778,37.37172222
0.721250799,0.067658648,127.4970278,37.73622222
3.383331357,3.522529667,126.8645833,37.16527778
1.171444615,0.924258902,128.8491111,37.28086111
0.724535848,0.470003629,128.8069444,37.12455556
1.088974701,0.173953307,127.3956944,37.79283333
3.777147412,3.840097266,126.8955,37.18361111
3.167469704,3.672495975,127.7565278,37.51986111
1.449240324,1.512927012,127.4933056,37.73841667
3.041802345,3.263849191,128.8663611,37.40719444
1.583694181,1.439835128,127.5123889,37.81344444
2.656673938,2.479056236,126.8971667,37.18394444
0.776910379,0.223143551,127.3036111,37.16861111
0.975828222,0.850150929,127.3986944,37.7985
2.328720118,3.00914196,128.7834444,37.37311111
3.098000857,3.210843653,128.8697222,37.40541667
1.288667661,0.285178942,128.8083889,37.12816667
0.854654437,0.470003629,128.8284444,37.30441667
2.809044397,3.114847754,128.8567222,37.46294444
2.848391211,3.216071898,128.7930556,37.37344444
1.422563591,1.591273942,128.8103333,37.12936111
1.0875244,0,128.7900306,37.12371944
1.600502401,1.442201993,129.1541667,37.11119444
0.304549645,0,127.401,37.79963889
0.460946528,0.518793793,127.489,37.79925
1.414857337,0.292669614,128.7740833,37.11319444
3.132590591,3.636796374,128.0858889,37.82330556
2.188229049,2.324346585,127.2969444,37.16916667
1.178492106,0.357674444,128.0858611,37.27541667
2.615279436,3.198673118,128.8711389,37.39255556
1.149122177,0.470003629,128.8058056,37.12488889
1.102495904,1.137833002,127.3999444,37.79655556
1.018760352,1.223775432,128.8494444,37.46811111
2.815205281,3.095577609,129.1508611,37.10769444
1.317440067,0.641853886,128.8556389,37.46752778
0.942645885,0.09531018,128.275,37.36902778
1.173495762,1.078409581,127.4018889,37.80055556
1.381411258,1.16315081,128.7930556,37.37455556
2.326626523,3.101442728,128.8659444,37.27536111
1.736777997,1.437462648,128.0853611,37.82266667
2.360548967,1.348073148,129.1132778,37.11477778
3.24647078,3.11927646,129.1561389,37.11347222
0.96904167,0.559615788,128.8108611,37.1315
3.326613621,3.375195579,126.8931667,37.182
3.041789174,3.173878459,127.7600556,37.51388889
3.50842934,3.912023005,127.4922778,37.80033333
1.865075862,0.810930216,127.4996111,37.73522222
3.393419976,3.657388787,127.7580278,37.51522222
2.595364806,2.930126516,127.7567222,37.51761111
3.304906445,3.430756184,128.8695556,37.39347222
1.631095254,1.252762968,127.3044444,37.16619444
2.119020245,2.507971923,128.8628889,37.28102778
1.26003058,0.90016135,128.0909444,37.28027778
3.096957203,3.730501129,127.7793889,37.42547222
1.562846805,1.656321498,127.3068889,37.16411111
1.783708213,1.495148766,128.0752222,37.82427778
2.006789547,2.468099531,127.7786111,37.42544444
1.754961101,1.684545385,127.7804722,37.51227778
3.338344835,3.700313832,126.8865278,37.18163889
3.305792284,3.460723361,127.7585278,37.51608333
1.545552745,1.444563269,127.4794167,37.42011111
2.002274143,2.172476408,129.1595278,37.11797222
3.056764364,3.194583132,128.08275,37.82625
0.805681345,0,127.7241111,37.43377778
1.918903733,1.798404012,127.7621944,37.51230556
0.755781797,0.760805829,127.4011111,37.80313889
1.374023393,1.181727195,128.0814167,37.82766667
2.699629574,3.363495514,128.78675,37.37302778
2.906311029,3.072693315,128.8609167,37.46669444
1.869115357,1.925707442,126.8844444,37.18308333
3.197380014,3.5094537,128.8764444,37.39794444
0.514639255,0.270027137,127.4911111,37.74130556
1.542015344,1.521698998,128.0853611,37.82266667
3.440858758,3.510649515,128.0791667,37.82913889
1.727001675,1.848454813,127.4929444,37.78494444
1.592922553,0.936093359,128.8525556,37.28030556
0.677927895,0,128.8007222,37.126
3.398448473,3.454106037,128.8703611,37.39255556
2.950613599,3.337192052,127.782,37.42805556
2.630474597,3.069447311,127.7617222,37.51266667
2.70394528,3.392492941,128.2753333,37.36272222
1.590640862,1.62924054,127.4945556,37.80125
1.68887034,1.556037136,127.7237222,37.435
2.279889846,3.142858338,128.8553611,37.46786111
1.776246099,1.752672081,129.1550833,37.11122222
2.770678224,1.791759469,127.7895556,37.52702778
0.613031453,0,128.0943611,37.28186111
3.216869131,3.264231527,127.7798056,37.53694444
2.806856294,2.554899022,127.3937222,37.76252778
1.440731233,1.401182974,127.4850278,37.79997222
0.788493372,0.139761942,127.4015833,37.79988889
0.581383759,0.231111721,128.7929167,37.12322222
1.489190816,1.463255402,128.8596111,37.28055556
3.436951871,3.349904087,127.7571944,37.51802778
1.311191973,1.368639426,128.8700278,37.38755556
1.028806253,0.565313809,128.8711389,37.40102778
1.374538456,1.269760545,127.5059167,37.73455556
1.221814573,0.741937345,127.4041111,37.78591667
3.335896447,3.07130346,128.8586389,37.46788889
0.70450953,0.405465108,128.8113056,37.12930556
1.35584767,0.438254931,128.8078889,37.12677778
3.223053835,3.499231122,128.0831667,37.82483333
1.585525525,1.627277831,128.8576389,37.467
1.37709081,1.534714366,128.8071944,37.12580556
1.520489288,1.004301609,127.4873889,37.79911111
3.591158149,3.713084143,126.8895556,37.18202778
1.083241299,1.098612289,127.4850278,37.79708333
1.554786638,1.682688374,127.3049167,37.17708333
1.398270878,1.786746927,128.8595278,37.46736111
0.879907414,1.220829921,128.2733889,37.38052778
1.830784844,1.859418118,127.5042778,37.7345
1.358287569,1.515127233,127.7231389,37.43883333
3.456535898,3.559340083,128.0786944,37.829
1.356006842,0.678033543,127.4956667,37.73733333
1.905191284,1.738710248,127.7605556,37.51336111
0.775443517,0,127.7241944,37.43430556
1.324512205,1.32175584,128.2743889,37.38283333
1.203769463,0.693147181,128.8722778,37.39058333
2.933296466,2.871868286,127.7484444,37.53386111
3.358339068,3.35585128,128.08275,37.82625
3.403214492,3.647536491,128.0907778,37.82136111
3.270877119,3.417726684,129.114,37.11480556
3.353887422,3.592919063,127.396,37.76691667
3.259814488,3.413784497,127.78825,37.52377778
1.803436551,2.086913557,127.4898889,37.79825
1.027392776,1.088561953,129.1588611,37.13138889
1.11141551,0.625938431,127.4944444,37.73686111
3.239971267,3.230804396,128.77725,37.37286111
1.809216422,1.348073148,129.1514722,37.10847222
2.79391701,3.242592351,128.0823611,37.82713889
3.07725289,3.2820384,127.7581389,37.51527778
3.256231016,3.221671912,128.7718889,37.37247222
1.29515123,1.366091654,128.7924444,37.37538889
0.626785563,0,128.8101667,37.12936111
1.213175825,0.88376754,128.8466667,37.28313889
2.658276241,3.391147046,127.7800278,37.42566667
3.230993965,3.338257582,129.15675,37.11433333
0.636003572,0,127.7241111,37.43377778
0.512611252,0.048790164,127.4906389,37.74088889
0.907600977,0.500775288,127.4945556,37.80125
1.119775878,1.217875709,128.0886389,37.25413889
1.701445321,1.958685341,127.4776389,37.41855556
1.32890519,0.982078472,128.8722778,37.39058333
3.230653661,3.467297183,127.7905,37.52405556
1.897186192,1.403642999,127.4003611,37.79858333
2.846583496,3.077312261,128.8607778,37.43966667
2.830556258,3.426540189,128.0828056,37.82644444
2.254917739,2.980618636,128.8082778,37.12736111
1.380491356,1.178654996,128.85075,37.46786111
1.068210472,1.071583616,128.8771667,37.397
1.154570314,1.01884732,127.3983611,37.79572222
0.691536453,0,127.7841111,37.53536111
2.184276307,2.186051277,127.7311667,37.43447222
1.79719443,1.843719208,128.8105833,37.1315
1.914283713,2.369308725,129.1505,37.10705556
1.129281245,0.587786665,128.8346111,37.47886111
0.461695653,0,127.7256389,37.43369444
1.304325038,1.335001067,127.4017222,37.80122222
2.902319044,3.579064588,128.8732222,37.39522222
3.031638866,3.321071337,128.8729444,37.39561111
3.437190579,3.26499576,127.7562222,37.51922222
1.347637684,1.366091654,127.7804444,37.42572222
2.668589629,2.509599262,128.2732222,37.37652778
1.713207814,1.646733697,127.4838611,37.79863889
2.526847427,3.36729583,127.4888889,37.42625
0.767736895,0.518793793,127.49075,37.74252778
0.586073181,0,128.7919722,37.12233333
2.538466025,2.595254707,128.8609444,37.40858333
1.873968952,1.796747011,128.8644722,37.28119444
3.438755932,3.455369861,128.0791667,37.82913889
1.43342514,1.492904096,127.7231944,37.43361111
2.245554706,2.963725477,128.8586389,37.46788889
3.317593131,3.508855256,128.8708333,37.40019444
2.045405607,2.803360381,127.4909722,37.74311111
2.031537307,1.8017098,127.4833889,37.79933333
1.69646604,1.601405741,128.8645278,37.28152778
3.002757668,3.257711849,127.3960278,37.76947222
1.099701532,0.896088025,127.4017222,37.80188889
3.3691594,3.498626527,128.8565556,37.46775
0.840587666,0.75612198,128.8732222,37.39688889
1.117913196,0.620576488,127.4838056,37.42377778
3.167726487,3.198673118,128.7925833,37.37525
2.744274494,3.012097628,128.27375,37.3415
1.354142197,1.383791231,127.7684722,37.51105556
2.048587818,2.376764491,129.1545278,37.11141667
3.181935593,3.427189962,128.27425,37.37366667
3.311570609,3.449987546,128.8753333,37.39794444
3.098491042,3.534562094,128.8729444,37.39561111
1.848336177,1.961502244,128.8615278,37.27852778
1.446117665,1.479329227,128.0829444,37.82608333
3.010934426,3.746676553,128.8549722,37.28216667
1.208807134,1.302912752,127.4775,37.419
3.247502479,3.577947893,128.7732222,37.37266667
2.565103062,2.950734908,127.7813889,37.42736111
1.570118508,1.294727168,128.8498611,37.46869444
0.543224963,0,128.7893611,37.37338889
3.428161251,3.365570204,127.7579444,37.51425
3.331090956,3.403527997,128.0618889,37.80213889
3.418740299,3.39316521,128.0853889,37.82347222
0.766737168,0.270027137,127.7256389,37.44277778
3.365042017,3.452207303,127.4923056,37.80063889
3.653246264,3.766303351,126.8906944,37.18194444
1.915062765,1.786746927,127.4881944,37.80044444
2.478677444,2.963725477,127.7585278,37.51447222
1.255334237,1.160020917,128.8108333,37.13041667
2.757173857,3.11927646,128.8647778,37.28002778
3.04067956,3.261552099,128.8671389,37.40683333
0.886576137,0.270027137,127.4914444,37.74030556
0.946245617,0.712949808,128.0951111,37.28155556
1.596823629,1.757857918,127.3032222,37.17372222
1.214457515,1.033184483,128.0920556,37.28025
0.737810036,0.207014169,128.8596389,37.46713889
2.916295652,3.429784839,127.4973056,37.80183333
0.893292954,1.068153081,128.8748056,37.39627778
0.460283116,0,127.7849722,37.53430556
1.173495762,1.305626458,127.4014167,37.7995
3.534687183,3.858833177,126.8820278,37.18627778
2.464532815,2.716679528,128.8638611,37.28097222
1.364634021,1.736951233,127.7240278,37.43666667
3.28296928,3.327550841,128.8605278,37.40705556
0.354121576,0,127.4950278,37.43005556
1.575680351,2.256541154,127.7692222,37.42622222
1.235459252,0.536493371,127.5043889,37.73391667
2.125881302,2.377692565,126.8884167,37.18052778
1.545705343,1.564440547,127.4897778,37.79927778
2.846435256,3.763754989,128.8640556,37.28197222
3.317989982,3.408834809,126.8943333,37.18344444
3.132502959,3.307985,127.7586944,37.51411111
0.374856327,0,127.5051389,37.43425
0.472953379,0,127.4056667,37.78602778
0.858602701,0,127.7643056,37.53761111
2.942350175,3.388787362,129.1508611,37.10769444
1.373244017,1.153731588,127.7723889,37.42502778
0.947045228,0.657520003,127.5005278,37.80691667
1.332625136,1.289232648,127.4986944,37.73794444
1.246455333,0.350656872,127.7884167,37.52988889
1.842206591,1.754403683,127.7238056,37.43822222
0.951143502,0.470003629,127.3075556,37.16519444
1.721642096,1.735189118,126.8950278,37.18616667
3.273260734,3.825811309,129.1137778,37.11297222
0.983915231,0.512823626,127.4914444,37.74030556
1.76406754,1.826160896,126.8766389,37.18161111
3.455430982,3.773220603,126.8868889,37.18225
0.559800812,0.559615788,127.4864167,37.42897222
3.444077855,3.168424281,127.7573611,37.516
2.348052065,3.280911216,128.8579444,37.46741667
2.680142687,3.201526187,127.7822778,37.42841667
0.387490022,0,128.7981944,37.12652778
1.111641392,0.553885113,127.3018056,37.17330556
0.660888074,0.476234179,127.4768333,37.41897222
1.179968293,0.832909123,127.4901667,37.79908333
1.332069091,0,128.8087778,37.12763889
3.179527923,3.18924102,128.7981944,37.37338889
1.13308098,0.457424847,128.0958056,37.28194444
2.103147797,1.915450942,127.3140556,37.14727778
3.37243006,3.268808194,126.8881389,37.18180556
2.801862662,3.210843653,128.8574444,37.28016667
3.317450071,3.176803048,126.8954722,37.18627778
1.366850938,1.226712291,127.4857778,37.79813889
1.391264722,1.564440547,127.7659444,37.42452778
1.455130806,1.226712291,127.4800833,37.41955556
1.164942485,1.427916036,128.819,37.12594444
3.375838121,3.499231122,126.8800833,37.18455556
2.661858017,2.714694744,127.7876667,37.42458333
1.017145498,0.444685821,127.4003611,37.79911111
0.723000536,0.139761942,127.4829444,37.42372222
3.172357046,3.451890496,128.7850278,37.37327778
2.858410561,3.321432413,128.7838889,37.37291667
3.40269923,3.676300672,128.0794167,37.82880556
2.865034383,2.817203515,128.0831389,37.82586111
2.260840207,3.328268202,128.2741944,37.37088889
3.319708066,3.3127304,128.0852222,37.82363889
2.921578919,3.280535205,127.7818056,37.42788889
2.347890229,2.772588722,128.8633611,37.27966667
1.300210909,0.97455964,127.5003611,37.73508333
2.714257706,3.536019607,127.7675278,37.51122222
1.819707671,1.205970807,129.1554722,37.11147222
2.953773153,3.363841595,128.07875,37.82919444
1.31587347,1.532556868,127.2989167,37.17247222
0.760421696,0,128.0946667,37.28172222
1.681702258,1.44926916,129.1534444,37.11119444
1.028933429,0.470003629,128.8546111,37.28277778
3.087101877,3.109060959,127.4865833,37.42961111
0.64264862,0,128.8561111,37.46727778
0.479896924,0,127.4870278,37.42955556
1.360677195,1.068153081,128.8635278,37.28330556
0.669464704,0.048790164,127.7273889,37.4335
1.308193551,1.029619417,127.3138611,37.17263889
1.016071254,0.867100488,128.819,37.12594444
2.22317454,2.567254391,128.2737222,37.37594444
